Merged_Row_ID,Source_File,Paper_ID,First_author,Year,Title,DOI,3D_printed,Polymer,Polymer_concentration,Gelatin_concentration,Crosslinker,Crosslinking_condition,Fabrication,Fabrication_condition,Pore_size_um,Porosity_pct,Water_uptake_pct,Stiffness_kPa,Cell_type,Geometry,Hepatocyte_viability,Albumin,Urea,CYP3A4,Culture_duration,Extraction_status,Source,Source_URL,Condition_ID,Polymer_Concentration_pct,Gelatin_Concentration_pct,ECM,Crosslinker_Concentration,Crosslinking_Time,Fabrication_Method,Fabrication_Parameters,Pore_Size_um,Strut_Spacing_um,Water_Uptake_pct,Swelling_Ratio,Architecture,Cell_Type,Cell_Density,Culture_Duration_days,Viability_pct,Albumin_Value,Albumin_Unit,Urea_Value,Urea_Unit,CYP3A4_Value,CYP3A4_Unit,CYP1A2_Value,CYP450_Value,Healthy_Like_Function,Source_Figure_Table,Extraction_Method,Notes
1,1_literature_extraction.csv,Lewis2018_60deg,Lewis,2018,3D-printed gelatin scaffolds of differing pore geometry modulate hepatocyte function and gene expression,10.1016/j.actbio.2017.12.042,Yes,Gelatin type A,10% w/v,10% w/v,EDC + NHS,"15 mM EDC + 6 mM NHS, 1 h",Pneumatic extrusion 3D printing,30°C gelatin; 10°C glass; 200 µm nozzle; 700 µm strut spacing; 156 µm layer slicing,NR; 700 µm strut spacing,NR,NR,NR,HUH7,60° interlayer orientation,High; numeric value not reported in text,~40 pg/cell more cumulative albumin secretion than 90° over 7 days,NR,3D activity significantly higher than 2D; numeric value not reported,up to 14 days,Partially quantitative; graph digitization needed,Uploaded paper / PMC,https://pmc.ncbi.nlm.nih.gov/articles/PMC5831494/,0,0,0,0,0,0,0,0,0,0,0,0,0,0,0,0,0,0,0,0,0,0,0,0,0,0,0,0,0
2,1_literature_extraction.csv,Lewis2018_90deg,Lewis,2018,3D-printed gelatin scaffolds of differing pore geometry modulate hepatocyte function and gene expression,10.1016/j.actbio.2017.12.042,Yes,Gelatin type A,10% w/v,10% w/v,EDC + NHS,"15 mM EDC + 6 mM NHS, 1 h",Pneumatic extrusion 3D printing,30°C gelatin; 10°C glass; 200 µm nozzle; 700 µm strut spacing; 156 µm layer slicing,NR; 700 µm strut spacing,NR,NR,NR,HUH7,90° interlayer orientation,High; numeric value not reported in text,Lower than 60°; 60° exceeded 90° by ~40 pg/cell over 7 days,NR,3D activity significantly higher than 2D; numeric value not reported,up to 14 days,Partially quantitative; graph digitization needed,Uploaded paper / PMC,https://pmc.ncbi.nlm.nih.gov/articles/PMC5831494/,0,0,0,0,0,0,0,0,0,0,0,0,0,0,0,0,0,0,0,0,0,0,0,0,0,0,0,0,0
3,1_literature_extraction.csv,Sreenivasan2015_AGCH,Sreenivasan,2015,Preparation of a sponge-like biocomposite agarose–chitosan scaffold with primary hepatocytes for establishing an in vitro 3D liver tissue model,10.1039/C5RA04153H,No,Agarose + chitosan,NR,NR,NR,NR,Sponge-like scaffold,NR,40–70 average,83 ± 2,High swelling kinetics; numeric value NR,NR,Primary hepatocytes,Interconnected sponge-like pores,NR,Higher than control; figure extraction needed,Higher than control; figure extraction needed,CYP450 biomarker observed; numeric value NR,NR,Good candidate; exact outcomes require figure extraction,RSC Advances,https://pubs.rsc.org/en/content/articlehtml/2015/ra/c5ra04153h,0,0,0,0,0,0,0,0,0,0,0,0,0,0,0,0,0,0,0,0,0,0,0,0,0,0,0,0,0
4,1_literature_extraction.csv,Nanocomposite2014,Unknown_from_search_result,2014,Modifying three-dimensional scaffolds from novel nanocomposite materials using dissolvable porogen particles for use in liver tissue engineering,0,No,POSS-modified polycaprolactone urea urethane / porogen variants,NR,NR,NR,NR,Porogen-derived porous scaffold,"Glucose, sodium bicarbonate, sodium chloride or PU variants",PG 100–350; PU 500–2000; PB 20–750; PN 150–1500,PG/PB/PN ~95; PU ~90,NR,NR,HepG2,Porogen-derived porous architecture,NR,Increased over culture; graph extraction needed,Increased over culture; graph extraction needed,Not a primary quantitative endpoint,"1, 7, 14 days",Good candidate; figure digitization needed,PMC,https://pmc.ncbi.nlm.nih.gov/articles/PMC4107826/,0,0,0,0,0,0,0,0,0,0,0,0,0,0,0,0,0,0,0,0,0,0,0,0,0,0,0,0,0
5,1_literature_extraction.csv,GelMA_FRS_2022,Unknown_from_search_result,2022,Radical scavenging gelatin methacrylamide based bioink formulation for three dimensional bioprinting of parenchymal liver construct,10.1016/j.bprint.2022.e00214,Yes,GelMA,NR,NR,Photocrosslinking / photoinitiator,3.4 mM ascorbic acid free-radical scavenger in optimized formulation,3D bioprinting,HepG2-containing GelMA bioink,NR,NR,NR,NR,HepG2,NR,Improved/preserved; numeric value requires extraction,Improved/preserved over 7 days; figure extraction needed,Improved/preserved over 7 days; figure extraction needed,NR,7 days,Strong candidate; exact formulation/mechanics need full text,ScienceDirect,https://www.sciencedirect.com/science/article/pii/S2405886622000240,0,0,0,0,0,0,0,0,0,0,0,0,0,0,0,0,0,0,0,0,0,0,0,0,0,0,0,0,0
6,1_literature_extraction.csv,GelMA_Antioxidant_2023,Unknown_from_search_result,2023,Biocompatibility evaluation of antioxidant cocktail loaded gelatin methacrylamide as bioink for extrusion-based 3D bioprinting,10.1088/1748-605X/acd82f,Yes,GelMA + antioxidant cocktail,NR,NR,Photocrosslinking,NR,Extrusion-based 3D bioprinting,High-density primary rat hepatocyte constructs,NR,NR,NR,NR,Primary rat hepatocytes,NR,Adequate biocompatibility; numeric value requires extraction,~5-fold higher in high-cell-density constructs,~2.5-fold higher in high-cell-density constructs,NR,NR,Good candidate; exact formulation/mechanics need full text,PubMed,https://pubmed.ncbi.nlm.nih.gov/37220753/,0,0,0,0,0,0,0,0,0,0,0,0,0,0,0,0,0,0,0,0,0,0,0,0,0,0,0,0,0
7,1_literature_extraction.csv,PVA_CH_2026,Unknown_from_search_result,2026,Microarchitecture-Driven Regulation of Hepatocyte Functional Stability in 3D Bioprinted Genipin-Crosslinked PVA–Chitosan Scaffolds,10.1016/j.carpta.2026.101227,Yes,PVA + chitosan,NR,NR,Genipin,Genipin-crosslinked,Extrusion-based 3D bioprinting,Grid vs biomimetic lobule architecture,NR,NR,Lobule ~200% equilibrium swelling; grid ~165–170%,Lobule 5.17 ± 0.35; grid 3.47 ± 0.25,Hepatocytes,Lobule vs grid,Viable through day 7; MTT maintained through day 21,Lobule ~15–17 µg/mL; grid ~10–12 µg/mL at day 21,Lobule ~18–20 µg/mL at day 21,CYP450 activity ~3.2–3.5 ng/mL; CYP1A2 expression ~15-fold in lobule,21 days,Excellent candidate; full text needed for remaining architecture details,ScienceDirect,https://www.sciencedirect.com/science/article/pii/S266689392600143X,0,0,0,0,0,0,0,0,0,0,0,0,0,0,0,0,0,0,0,0,0,0,0,0,0,0,0,0,0
8,1_literature_extraction.csv,GelMA_dECM_Fibrosis_2025,Gadre,2025,Engineering a GelMA–dECM-based 3D bioprinted liver fibrosis model: methotrexate-induced functional and molecular validation,10.1039/D5RA05955K,Yes,GelMA + liver-derived dECM,NR,NR,NR,NR,3D bioprinting,HepG2-containing hepatic construct; methotrexate-induced fibrosis,NR,NR,NR,NR,HepG2,NR,NR,Quantified; non-fibrotic higher than fibrotic; exact values need figure extraction,Quantified; non-fibrotic higher than fibrotic; exact values need figure extraction,CYP3A4 gene expression measured; exact values need figure extraction,NR,Good candidate for disease-state + hepatic outcomes,RSC Advances,https://pubs.rsc.org/en/content/articlehtml/2025/ra/d5ra05955k,0,0,0,0,0,0,0,0,0,0,0,0,0,0,0,0,0,0,0,0,0,0,0,0,0,0,0,0,0
9,1_literature_extraction.csv,HCD_Liver_2025,Unknown_from_search_result,2025,Bioprinted high cell density liver model with improved hepatic metabolic functions,10.1016/j.biomaterials.2025.123256,Yes,Bioink with iodixanol,NR,NR,NR,NR,3D bioprinting,High cell density 8 × 10^7 cells/mL,NR,NR,NR,NR,Hepatic cells/hepatocytes,High-cell-density printed tissue,~80%,Enhanced; numeric value needs figure extraction,Enhanced; numeric value needs figure extraction,Enhanced P450 metabolic activity; numeric value needs figure extraction,NR,Useful for cell-density + hepatic outcomes; mechanics need full text,ScienceDirect,https://www.sciencedirect.com/science/article/pii/S0142961225001759,0,0,0,0,0,0,0,0,0,0,0,0,0,0,0,0,0,0,0,0,0,0,0,0,0,0,0,0,0
10,1_literature_extraction.csv,Gelatin_GumArabic_2014,Unknown_from_search_result,2014,A non-adhesive hybrid scaffold from gelatin and gum Arabic as packed bed matrix for hepatocyte perfusion culture,0,No,Gelatin + gum Arabic,NR,NR,NR,NR,Packed-bed scaffold / perfusion bioreactor,Hepatocyte perfusion culture,NR,NR,NR,NR,Hepatocytes,Packed bed,NR,3–3.7 µg/mL steady state,49–72 µg/mL trend over 7 days,NR,7 days,Useful functional-outcome reference; exclude if dataset is strictly 3D printing,ScienceDirect,https://www.sciencedirect.com/science/article/abs/pii/S092849311400664X,0,0,0,0,0,0,0,0,0,0,0,0,0,0,0,0,0,0,0,0,0,0,0,0,0,0,0,0,0
11,1_literature_extraction.csv,Silk_Fibroin_Lobules_2021,Unknown_from_search_result,2021,Radially Aligned Porous Silk Fibroin Scaffolds as Functional Templates for Engineering Human Biomimetic Hepatic Lobules,0,No,Silk fibroin,NR,NR,NR,NR,Radially aligned porous scaffold,Hepatocyte + endothelial cell co-culture,NR,NR,NR,NR,Human hepatocytes + endothelial cells,Radially aligned hepatic lobule-like architecture,NR,Enhanced in co-culture; exact value requires extraction,Enhanced in co-culture; exact value requires extraction,Metabolic activity enhanced; exact value requires extraction,NR,Good architecture/function reference; not 3D-printing focused,PubMed,https://pubmed.ncbi.nlm.nih.gov/34929079/,0,0,0,0,0,0,0,0,0,0,0,0,0,0,0,0,0,0,0,0,0,0,0,0,0,0,0,0,0
12,2_literature_extraction.csv,Lewis2018_60deg,Lewis,2018,3D-printed gelatin scaffolds of differing pore geometry modulate hepatocyte function and gene expression,10.1016/j.actbio.2017.12.042,Yes,Gelatin type A,10% w/v,10% w/v,EDC + NHS,"15 mM EDC + 6 mM NHS, 1 h",Pneumatic extrusion 3D printing,30°C gelatin; 10°C glass; 200 µm nozzle; 700 µm strut spacing; 156 µm layer slicing,NR; 700 µm strut spacing,NR,NR,NR,HUH7,60° interlayer orientation,High; numeric value not reported in text,~40 pg/cell more cumulative albumin secretion than 90° over 7 days,NR,3D activity significantly higher than 2D; numeric value not reported,up to 14 days,Partially quantitative; graph digitization needed,Uploaded paper / PMC,https://pmc.ncbi.nlm.nih.gov/articles/PMC5831494/,0,0,0,0,0,0,0,0,0,0,0,0,0,0,0,0,0,0,0,0,0,0,0,0,0,0,0,0,0
13,2_literature_extraction.csv,Lewis2018_90deg,Lewis,2018,3D-printed gelatin scaffolds of differing pore geometry modulate hepatocyte function and gene expression,10.1016/j.actbio.2017.12.042,Yes,Gelatin type A,10% w/v,10% w/v,EDC + NHS,"15 mM EDC + 6 mM NHS, 1 h",Pneumatic extrusion 3D printing,30°C gelatin; 10°C glass; 200 µm nozzle; 700 µm strut spacing; 156 µm layer slicing,NR; 700 µm strut spacing,NR,NR,NR,HUH7,90° interlayer orientation,High; numeric value not reported in text,Lower than 60°; 60° exceeded 90° by ~40 pg/cell over 7 days,NR,3D activity significantly higher than 2D; numeric value not reported,up to 14 days,Partially quantitative; graph digitization needed,Uploaded paper / PMC,https://pmc.ncbi.nlm.nih.gov/articles/PMC5831494/,0,0,0,0,0,0,0,0,0,0,0,0,0,0,0,0,0,0,0,0,0,0,0,0,0,0,0,0,0
14,2_literature_extraction.csv,Sreenivasan2015_AGCH,Sreenivasan,2015,Preparation of a sponge-like biocomposite agarose–chitosan scaffold with primary hepatocytes for establishing an in vitro 3D liver tissue model,10.1039/C5RA04153H,No,Agarose + chitosan,NR,NR,NR,NR,Sponge-like scaffold,NR,40–70 average,83 ± 2,High swelling kinetics; numeric value NR,NR,Primary hepatocytes,Interconnected sponge-like pores,NR,Higher than control; figure extraction needed,Higher than control; figure extraction needed,CYP450 biomarker observed; numeric value NR,NR,Good candidate; exact outcomes require figure extraction,RSC Advances,https://pubs.rsc.org/en/content/articlehtml/2015/ra/c5ra04153h,0,0,0,0,0,0,0,0,0,0,0,0,0,0,0,0,0,0,0,0,0,0,0,0,0,0,0,0,0
15,2_literature_extraction.csv,Nanocomposite2014,Unknown_from_search_result,2014,Modifying three-dimensional scaffolds from novel nanocomposite materials using dissolvable porogen particles for use in liver tissue engineering,0,No,POSS-modified polycaprolactone urea urethane / porogen variants,NR,NR,NR,NR,Porogen-derived porous scaffold,"Glucose, sodium bicarbonate, sodium chloride or PU variants",PG 100–350; PU 500–2000; PB 20–750; PN 150–1500,PG/PB/PN ~95; PU ~90,NR,NR,HepG2,Porogen-derived porous architecture,NR,Increased over culture; graph extraction needed,Increased over culture; graph extraction needed,Not a primary quantitative endpoint,"1, 7, 14 days",Good candidate; figure digitization needed,PMC,https://pmc.ncbi.nlm.nih.gov/articles/PMC4107826/,0,0,0,0,0,0,0,0,0,0,0,0,0,0,0,0,0,0,0,0,0,0,0,0,0,0,0,0,0
16,2_literature_extraction.csv,GelMA_FRS_2022,Unknown_from_search_result,2022,Radical scavenging gelatin methacrylamide based bioink formulation for three dimensional bioprinting of parenchymal liver construct,10.1016/j.bprint.2022.e00214,Yes,GelMA,NR,NR,Photocrosslinking / photoinitiator,3.4 mM ascorbic acid free-radical scavenger in optimized formulation,3D bioprinting,HepG2-containing GelMA bioink,NR,NR,NR,NR,HepG2,NR,Improved/preserved; numeric value requires extraction,Improved/preserved over 7 days; figure extraction needed,Improved/preserved over 7 days; figure extraction needed,NR,7 days,Strong candidate; exact formulation/mechanics need full text,ScienceDirect,https://www.sciencedirect.com/science/article/pii/S2405886622000240,0,0,0,0,0,0,0,0,0,0,0,0,0,0,0,0,0,0,0,0,0,0,0,0,0,0,0,0,0
17,2_literature_extraction.csv,GelMA_Antioxidant_2023,Unknown_from_search_result,2023,Biocompatibility evaluation of antioxidant cocktail loaded gelatin methacrylamide as bioink for extrusion-based 3D bioprinting,10.1088/1748-605X/acd82f,Yes,GelMA + antioxidant cocktail,NR,NR,Photocrosslinking,NR,Extrusion-based 3D bioprinting,High-density primary rat hepatocyte constructs,NR,NR,NR,NR,Primary rat hepatocytes,NR,Adequate biocompatibility; numeric value requires extraction,~5-fold higher in high-cell-density constructs,~2.5-fold higher in high-cell-density constructs,NR,NR,Good candidate; exact formulation/mechanics need full text,PubMed,https://pubmed.ncbi.nlm.nih.gov/37220753/,0,0,0,0,0,0,0,0,0,0,0,0,0,0,0,0,0,0,0,0,0,0,0,0,0,0,0,0,0
18,2_literature_extraction.csv,PVA_CH_2026,Unknown_from_search_result,2026,Microarchitecture-Driven Regulation of Hepatocyte Functional Stability in 3D Bioprinted Genipin-Crosslinked PVA–Chitosan Scaffolds,10.1016/j.carpta.2026.101227,Yes,PVA + chitosan,NR,NR,Genipin,Genipin-crosslinked,Extrusion-based 3D bioprinting,Grid vs biomimetic lobule architecture,NR,NR,Lobule ~200% equilibrium swelling; grid ~165–170%,Lobule 5.17 ± 0.35; grid 3.47 ± 0.25,Hepatocytes,Lobule vs grid,Viable through day 7; MTT maintained through day 21,Lobule ~15–17 µg/mL; grid ~10–12 µg/mL at day 21,Lobule ~18–20 µg/mL at day 21,CYP450 activity ~3.2–3.5 ng/mL; CYP1A2 expression ~15-fold in lobule,21 days,Excellent candidate; full text needed for remaining architecture details,ScienceDirect,https://www.sciencedirect.com/science/article/pii/S266689392600143X,0,0,0,0,0,0,0,0,0,0,0,0,0,0,0,0,0,0,0,0,0,0,0,0,0,0,0,0,0
19,2_literature_extraction.csv,GelMA_dECM_Fibrosis_2025,Gadre,2025,Engineering a GelMA–dECM-based 3D bioprinted liver fibrosis model: methotrexate-induced functional and molecular validation,10.1039/D5RA05955K,Yes,GelMA + liver-derived dECM,NR,NR,NR,NR,3D bioprinting,HepG2-containing hepatic construct; methotrexate-induced fibrosis,NR,NR,NR,NR,HepG2,NR,NR,Quantified; non-fibrotic higher than fibrotic; exact values need figure extraction,Quantified; non-fibrotic higher than fibrotic; exact values need figure extraction,CYP3A4 gene expression measured; exact values need figure extraction,NR,Good candidate for disease-state + hepatic outcomes,RSC Advances,https://pubs.rsc.org/en/content/articlehtml/2025/ra/d5ra05955k,0,0,0,0,0,0,0,0,0,0,0,0,0,0,0,0,0,0,0,0,0,0,0,0,0,0,0,0,0
20,2_literature_extraction.csv,HCD_Liver_2025,Unknown_from_search_result,2025,Bioprinted high cell density liver model with improved hepatic metabolic functions,10.1016/j.biomaterials.2025.123256,Yes,Bioink with iodixanol,NR,NR,NR,NR,3D bioprinting,High cell density 8 × 10^7 cells/mL,NR,NR,NR,NR,Hepatic cells/hepatocytes,High-cell-density printed tissue,~80%,Enhanced; numeric value needs figure extraction,Enhanced; numeric value needs figure extraction,Enhanced P450 metabolic activity; numeric value needs figure extraction,NR,Useful for cell-density + hepatic outcomes; mechanics need full text,ScienceDirect,https://www.sciencedirect.com/science/article/pii/S0142961225001759,0,0,0,0,0,0,0,0,0,0,0,0,0,0,0,0,0,0,0,0,0,0,0,0,0,0,0,0,0
21,2_literature_extraction.csv,Gelatin_GumArabic_2014,Unknown_from_search_result,2014,A non-adhesive hybrid scaffold from gelatin and gum Arabic as packed bed matrix for hepatocyte perfusion culture,0,No,Gelatin + gum Arabic,NR,NR,NR,NR,Packed-bed scaffold / perfusion bioreactor,Hepatocyte perfusion culture,NR,NR,NR,NR,Hepatocytes,Packed bed,NR,3–3.7 µg/mL steady state,49–72 µg/mL trend over 7 days,NR,7 days,Useful functional-outcome reference; exclude if dataset is strictly 3D printing,ScienceDirect,https://www.sciencedirect.com/science/article/abs/pii/S092849311400664X,0,0,0,0,0,0,0,0,0,0,0,0,0,0,0,0,0,0,0,0,0,0,0,0,0,0,0,0,0
22,2_literature_extraction.csv,Silk_Fibroin_Lobules_2021,Unknown_from_search_result,2021,Radially Aligned Porous Silk Fibroin Scaffolds as Functional Templates for Engineering Human Biomimetic Hepatic Lobules,0,No,Silk fibroin,NR,NR,NR,NR,Radially aligned porous scaffold,Hepatocyte + endothelial cell co-culture,NR,NR,NR,NR,Human hepatocytes + endothelial cells,Radially aligned hepatic lobule-like architecture,NR,Enhanced in co-culture; exact value requires extraction,Enhanced in co-culture; exact value requires extraction,Metabolic activity enhanced; exact value requires extraction,NR,Good architecture/function reference; not 3D-printing focused,PubMed,https://pubmed.ncbi.nlm.nih.gov/34929079/,0,0,0,0,0,0,0,0,0,0,0,0,0,0,0,0,0,0,0,0,0,0,0,0,0,0,0,0,0
23,3_liver_scaffold_dataset.csv,P-Lewis2018,0,2018,3D-printed gelatin scaffolds of differing pore geometry modulate hepatocyte function and gene expression,0,0,Gelatin type A,0,0,EDC/NHS,0,0,0,0,NR,0,NR,0,0,0,0,0,0,0,0,0,0,Lewis2018_90deg_HUH7,10,10,NR,15 mM EDC + 6 mM NHS,1 h,Pneumatic extrusion 3D printing (EnvisionTEC 3D-Bioplotter),Nozzle 200 um; strut spacing 700 um; layer height 156 um; 90 deg strut angle (alternating 0/90); 6 layers; 15x15 mm sheet; 6 mm biopsy punch,NR,700,NR,NR,90 deg orthogonal grid,HUH7,"0.1x10^6 cells/scaffold (from 3.3x10^6 cells/mL suspension, 30 uL/scaffold)",14,NR,NR,NR,NR,NR,NR,NR,NR,NR,Lower albumin secretion/expression and lower CYP3A4/CYP2C9 activity than 60 deg scaffolds; inferior to 60 deg and 2D on functional readouts (text-stated relative comparison only),"Sec. 2.1, 3.2-3.3; Figs. 1-6","Text (fabrication/methods); functional outcome values only shown as bar graphs (Figs 4-6), not extracted",Pore size held constant by design across geometries (not stated as single um value); no absolute viability % or albumin/CYP concentration given in text.
24,3_liver_scaffold_dataset.csv,P-Lewis2018,0,2018,3D-printed gelatin scaffolds of differing pore geometry modulate hepatocyte function and gene expression,0,0,Gelatin type A,0,0,EDC/NHS,0,0,0,0,NR,0,NR,0,0,0,0,0,0,0,0,0,0,Lewis2018_60deg_HUH7,10,10,NR,15 mM EDC + 6 mM NHS,1 h,Pneumatic extrusion 3D printing (EnvisionTEC 3D-Bioplotter),"Nozzle 200 um; strut spacing 700 um; layer height 156 um; 60 deg strut angle (increments of 60,120,180,240,300,360); 6 layers; 15x15 mm sheet; 6 mm biopsy punch",NR,700,NR,NR,60 deg triangulated/interconnected grid,HUH7,"0.1x10^6 cells/scaffold (from 3.3x10^6 cells/mL suspension, 30 uL/scaffold)",14,NR,NR,NR,NR,NR,NR,NR,NR,NR,"Highest albumin secretion, CYP3A4/CYP2C9 activity, and bile-canaliculus (CLF) formation among all groups (text-stated); cumulative albumin secretion ~40 pg/cell more than 90 deg scaffold at day 7 (explicit text value, relative not absolute)",Sec. 3.2-3.4; Figs. 4-6,"Text (relative differential explicit); absolute concentrations only in graphs, not extracted","The '~40 picograms per cell more' albumin differential vs 90 deg is the only numeric functional value stated directly in text for this paper; all other functional values (fold-changes, absolute ng or pg/cell) are graph-only."
25,3_liver_scaffold_dataset.csv,P-Lewis2018,0,2018,3D-printed gelatin scaffolds of differing pore geometry modulate hepatocyte function and gene expression,0,0,Gelatin type A (2D coating),0,0,EDC/NHS,0,0,0,0,NR,0,NR,0,0,0,0,0,0,0,0,0,0,Lewis2018_2D_control_HUH7,10,10,NR,15 mM EDC + 6 mM NHS,1 h,"2D tissue-culture plate, gelatin-coated and EDC/NHS crosslinked",NR,NR,NR,NR,NR,2D monolayer control,HUH7,Equivalent seeding density to 3D groups,14,NR,NR,NR,NR,NR,NR,NR,NR,NR,"Higher initial (day 1) albumin expression than 3D groups, attributed to higher seeding efficiency; large discrepancy between CYP3A4 gene expression (higher) and CYP3A4 activity (lower) vs 3D groups (text-stated)","Sec. 3.1-3.3; Figs. 2,4,5",Text (qualitative/relative); no absolute values given,No numeric % viability or absolute albumin/CYP values stated for 2D control in text.
26,3_liver_scaffold_dataset.csv,P-Wu2020,0,2020,3D bioprinting of bicellular liver lobule-mimetic structures via microextrusion of cellulose nanocrystal-incorporated shear-thinning bioink,0,0,GelMA (gelatin methacryloyl),0,0,UV photocrosslinking (LAP photoinitiator),0,0,0,0,NR,0,4.269,0,0,0,0,0,0,0,0,0,0,Wu2020_GelMA4pct_acellular_Day0,4,4,GelMA hydrogel (soft compartment),0.1 wt% LAP,NR,Microextrusion (ME) 3D bioprinting; honeycomb inner-cavity fill,"Degree of substitution (DOS) ~85%; FlashForge Creator Pro w/ custom syringe holder, 32-gauge nozzle, 20 mm/s, 20 psi; UV crosslink 2 min post-print",NR,NR,NR,NR,"Honeycomb inner cavity (soft compartment), acellular",Acellular,NR,0,NR,NR,NR,NR,NR,NR,NR,NR,NR,NR,Fig. 2c,"Text (Results, Physical characterization)",Compressive modulus 4269 +/- 278 Pa immediately after preparation (day 0).
27,3_liver_scaffold_dataset.csv,P-Wu2020,0,2020,3D bioprinting of bicellular liver lobule-mimetic structures via microextrusion of cellulose nanocrystal-incorporated shear-thinning bioink,0,0,GelMA (gelatin methacryloyl),0,0,UV photocrosslinking (LAP photoinitiator),0,0,0,0,NR,0,3.175,0,0,0,0,0,0,0,0,0,0,Wu2020_GelMA4pct_hepG2_Day0,4,4,GelMA hydrogel (soft compartment),0.1 wt% LAP,NR,Microextrusion (ME) 3D bioprinting; honeycomb inner-cavity fill,NR,NR,NR,NR,NR,Honeycomb inner cavity (soft compartment),hepG2,2.5x10^6 cells/mL,0,">90 (over 14-day study period, both 2D and 3D)",NR,NR,NR,NR,NR,NR,NR,NR,NR,Fig. 2c; Fig. S5b,"Text (Results, Physical characterization + Cell behavior sections)","Compressive modulus 3175 +/- 217 Pa (day 0) upon hepG2 addition. Viability >90% stated as a study-period average, not day-specific."
28,3_liver_scaffold_dataset.csv,P-Wu2020,0,2020,3D bioprinting of bicellular liver lobule-mimetic structures via microextrusion of cellulose nanocrystal-incorporated shear-thinning bioink,0,0,GelMA (gelatin methacryloyl),0,0,UV photocrosslinking (LAP photoinitiator),0,0,0,0,NR,0,2.624,0,0,0,0,0,0,0,0,0,0,Wu2020_GelMA4pct_hepG2_NIH3T3mix_Day0,4,4,GelMA hydrogel (soft compartment),0.1 wt% LAP,NR,Microextrusion (ME) 3D bioprinting; honeycomb inner-cavity fill,NR,NR,NR,NR,NR,Honeycomb inner cavity (soft compartment),hepG2 + NIH/3T3 (mixture),NR,0,NR,NR,NR,NR,NR,NR,NR,NR,NR,NR,Fig. 2c,"Text (Results, Physical characterization)",Compressive modulus 2624 +/- 370 Pa (day 0) for hepG2/fibroblast mixture.
29,3_liver_scaffold_dataset.csv,P-Wu2020,0,2020,3D bioprinting of bicellular liver lobule-mimetic structures via microextrusion of cellulose nanocrystal-incorporated shear-thinning bioink,0,0,Alginate + Cellulose nanocrystal (CNC) + GelMA (135ACG hybrid),0,0,"UV (LAP) + ionic (Ca2+, from culture medium, over time)",0,0,0,0,NR,0,11.222,0,0,0,0,0,0,0,0,0,0,Wu2020_135ACG_acellular_Day0,"1% alginate, 3% CNC, 5% GelMA",5,135ACG hybrid bioink (stiff compartment),0.1 wt% LAP (shared formulation),NR,"Microextrusion (ME) 3D bioprinting, free-form and embedded printing","Honeycomb wall thickness 0.48 mm, wall height 0.4 mm, spacing 2.4 mm; static viscosity ~200 Pa.s, ~0.2 Pa.s at 1000/s shear; GelMA DOS ~85%",NR,2400,NR,NR,Honeycomb lattice (rigid outer structure),Acellular,NR,0,NR,NR,NR,NR,NR,NR,NR,NR,NR,NR,Fig. 2d; Fig. 3,"Text (Results, Physical characterization + Printability)",Compressive modulus 11222 +/- 2381 Pa (day 0).
30,3_liver_scaffold_dataset.csv,P-Wu2020,0,2020,3D bioprinting of bicellular liver lobule-mimetic structures via microextrusion of cellulose nanocrystal-incorporated shear-thinning bioink,0,0,Alginate + CNC + GelMA (135ACG hybrid),0,0,"UV (LAP) + ionic (Ca2+, from culture medium)",0,0,0,0,NR,0,15.876,0,0,0,0,0,0,0,0,0,0,Wu2020_135ACG_acellular_Day14,"1% alginate, 3% CNC, 5% GelMA",5,135ACG hybrid bioink (stiff compartment),NR,NR,Microextrusion (ME) 3D bioprinting,NR,NR,NR,NR,NR,Honeycomb lattice (rigid outer structure),Acellular,NR,14,NR,NR,NR,NR,NR,NR,NR,NR,NR,NR,Fig. 2d,"Text (Results, Physical characterization)",Compressive modulus 15876 +/- 2324 Pa (day 14); increase attributed to Ca2+ strengthening of alginate network in cell culture medium over time.
31,3_liver_scaffold_dataset.csv,P-Wu2020,0,2020,3D bioprinting of bicellular liver lobule-mimetic structures via microextrusion of cellulose nanocrystal-incorporated shear-thinning bioink,0,0,Alginate + CNC + GelMA (135ACG hybrid),0,0,NR,0,0,0,0,NR,0,6.8,0,0,0,0,0,0,0,0,0,0,Wu2020_135ACG_NIH3T3_Day0,"1% alginate, 3% CNC, 5% GelMA",5,135ACG hybrid bioink (stiff compartment),NR,NR,Microextrusion (ME) 3D bioprinting,NR,NR,NR,NR,NR,Honeycomb lattice (rigid outer structure),NIH/3T3 fibroblast,NR,0,NR,NR,NR,NR,NR,NR,NR,NR,NR,NR,Fig. 2d,"Text (Results, Physical characterization)",Compressive modulus 6800 +/- 664 Pa (day 0); consistent with literature that fibroblasts at attachment sites on substrates >5 kPa decrease overall scaffold stiffness (softer cells + material voids).
32,3_liver_scaffold_dataset.csv,P-Wu2020,0,2020,3D bioprinting of bicellular liver lobule-mimetic structures via microextrusion of cellulose nanocrystal-incorporated shear-thinning bioink,0,0,Alginate + CNC + GelMA (135ACG hybrid),0,0,NR,0,0,0,0,NR,0,9.204,0,0,0,0,0,0,0,0,0,0,Wu2020_135ACG_NIH3T3_Day14,"1% alginate, 3% CNC, 5% GelMA",5,135ACG hybrid bioink (stiff compartment),NR,NR,Microextrusion (ME) 3D bioprinting,NR,NR,NR,NR,NR,Honeycomb lattice (rigid outer structure),NIH/3T3 fibroblast,NR,14,NR,NR,NR,NR,NR,NR,NR,NR,NR,NR,Fig. 2d,"Text (Results, Physical characterization)",Compressive modulus 9204 +/- 1480 Pa (day 14).
33,3_liver_scaffold_dataset.csv,P-Wu2020,0,2020,3D bioprinting of bicellular liver lobule-mimetic structures via microextrusion of cellulose nanocrystal-incorporated shear-thinning bioink,0,0,135ACG honeycomb (acellular) + 4% GelMA fill (hepG2-laden),0,0,NR,0,0,0,0,NR,0,NR,0,0,0,0,0,0,0,0,0,0,Wu2020_S2_hepG2_GelMA_in_135ACG_honeycomb,NR,4,GelMA (hepG2 compartment) within 135ACG honeycomb,NR,NR,"Microextrusion (ME) 3D bioprinting, dual-material honeycomb + fill",NR,NR,NR,NR,NR,"S2: acellular 135ACG honeycomb, hepG2-laden GelMA middle cavities",hepG2,NR,14,>90,35-40,fold-change relative to day 1 (range stated for 3D systems collectively),NR,NR,NR,NR,NR,NR,NR,Fig. 8,"Text (Results, Albumin secretion) for the 35-40x range; per-system (S2 vs S3 vs S4) exact values only in graph","Text: albumin secretion 'hiked up dramatically in all 3D cultures starting on day 7 and reached about 35-40 times on day 14'; text also states S2 (hepG2-only) was slightly lower than co-culture systems S3/S4, but exact numeric split is graph-only."
34,3_liver_scaffold_dataset.csv,P-Wu2020,0,2020,3D bioprinting of bicellular liver lobule-mimetic structures via microextrusion of cellulose nanocrystal-incorporated shear-thinning bioink,0,0,135ACG honeycomb (acellular) + 4% GelMA fill (hepG2+NIH/3T3 mixed),0,0,NR,0,0,0,0,NR,0,NR,0,0,0,0,0,0,0,0,0,0,Wu2020_S3_hepG2_NIH3T3_direct_contact,NR,4,GelMA (mixed-cell compartment) within 135ACG honeycomb,NR,NR,Microextrusion (ME) 3D bioprinting,NR,NR,NR,NR,NR,"S3: acellular 135ACG honeycomb, hepG2/NIH-3T3-mixed GelMA middle cavities (direct intercellular contact)",hepG2 + NIH/3T3 (initial density ratio hepG2:NIH3T3 = 2:1),NR,14,NR,35-40,fold-change relative to day 1,NR,NR,NR,NR,NR,NR,NR,Fig. 6; Fig. 8,Text (Albumin range); cell/cluster area distribution from Fig 6f-g,"Spheroids formed in this co-culture were smaller than those in the hepG2-only culture (S2), per cell/cluster-area statistical analysis (text-stated finding, values in Fig 6f)."
35,3_liver_scaffold_dataset.csv,P-Wu2020,0,2020,3D bioprinting of bicellular liver lobule-mimetic structures via microextrusion of cellulose nanocrystal-incorporated shear-thinning bioink,0,0,135ACG honeycomb (NIH/3T3-laden) + 4% GelMA fill (hepG2-laden),0,0,NR,0,0,0,0,NR,0,NR,0,0,0,0,0,0,0,0,0,0,Wu2020_S4_hepG2_NIH3T3_indirect_contact,NR,4,GelMA (hepG2 compartment) within NIH/3T3-laden 135ACG honeycomb,NR,NR,Microextrusion (ME) 3D bioprinting,NR,NR,NR,NR,NR,"S4: NIH/3T3-laden 135ACG honeycomb, hepG2-laden GelMA middle cavities (adjacent, non-contact initially; boundary contact develops over time)",hepG2 (GelMA) + NIH/3T3 (135ACG),NR,14,NR,35-40,fold-change relative to day 1,NR,NR,NR,NR,NR,NR,NR,Fig. 7; Fig. 8,Text (Albumin range); Discussion re: no significant difference vs S3,"Text states no significant difference in albumin production between direct-contact (S3) and non-contact (S4) co-cultures, suggesting fibroblast-secreted soluble factors (not physical contact) drive the improvement."
36,3_liver_scaffold_dataset.csv,P-Wu2020,0,2020,3D bioprinting of bicellular liver lobule-mimetic structures via microextrusion of cellulose nanocrystal-incorporated shear-thinning bioink,0,0,NR (2D tissue culture plastic control),0,0,NR,0,0,0,0,NR,0,NR,0,0,0,0,0,0,0,0,0,0,Wu2020_S0_2D_hepG2_control,NR,NR,None (2D),NR,NR,2D monolayer culture (control),NR,NR,NR,NR,NR,2D monolayer,hepG2,NR,14,NR,"NR (graph only, Fig. 8)",NR,NR,NR,NR,NR,NR,NR,NR,Fig. 8; Fig. S5a,"Text (qualitative comparison only); numeric value is graph-only, not extracted","hepG2 proliferated faster in 2D than in 3D (Fig S5a) but per-cell albumin secretion was lower than 3D systems; exact 2D fold-change at day 14 is shown only in Fig. 8 bar graph, not stated numerically in text, so left NR per no-fabrication rule."
37,3_liver_scaffold_dataset.csv,P-Mazzocchi2019,0,2019,Optimization of collagen type I-hyaluronan hybrid bioink for 3D bioprinted liver microenvironments,0,0,Methacrylated Collagen type I (COL I) + thiolated Hyaluronic acid (HA),0,0,UV (thiol-ene reaction via photoinitiator),0,0,0,0,NR,0,NR,0,0,0,0,0,0,0,0,0,0,Mazzocchi2019_ColHA_2to1,COL I 6 mg/mL; HA 2 mg/mL (ratio 2:1),NR,Collagen I / HA hybrid bioink,NR,2 s UV at 1.9 W/cm^2 (rheology test); 10 s UV immediately post-print (printed constructs),"Extrusion bioprinting (Allevi 2 bioprinter, 28G needle, 4 kPa, 50 mm/s)",NR,NR,NR,NR,NR,4-spoke test structure,Lx2 (human hepatic stellate cell line) or aHSC (primary fetal activated hepatic stellate cells),5x10^6 cells/mL,7,>80 (observed for each of the 3 COL I:HA formulations),NR,NR,NR,NR,NR,NR,NR,NR,NR,Figs. 1-3,"Text (Results, Physical characterization + Cell viability)","Loss tangent 0.29-0.33 before UV crosslinking, decreased to <0.1 after crosslinking (more elastic/solid-like); exact storage/loss moduli in Pa not given numerically in text, only in Fig 1B/C graphs."
38,3_liver_scaffold_dataset.csv,P-Mazzocchi2019,0,2019,Optimization of collagen type I-hyaluronan hybrid bioink for 3D bioprinted liver microenvironments,0,0,Methacrylated Collagen type I (COL I) + thiolated Hyaluronic acid (HA),0,0,UV (thiol-ene reaction via photoinitiator),0,0,0,0,NR,0,NR,0,0,0,0,0,0,0,0,0,0,Mazzocchi2019_ColHA_3to1_LiverModel,COL I 6 mg/mL; HA 2 mg/mL (ratio 3:1),NR,Collagen I / HA hybrid bioink (selected for liver model: high collagen + consistent printability),NR,10 s UV immediately post-print,"Extrusion bioprinting (Allevi 2 bioprinter, 28G needle, 4 kPa, 50 mm/s), single layer",NR,NR,NR,NR,NR,4-spoke liver construct,Primary human hepatocytes + liver stellate cells (heterocellular),5x10^6 cells/mL,15,NR,"NR (graph only, Fig. 5B)",NR,"NR (graph only, Fig. 5A)",NR,NR,NR,NR,NR,"Significant decreases in urea and albumin from day 9-15 with 100 uM acetaminophen (APAP) treatment (added day 6) vs stable levels in untreated controls (text-stated trend, not absolute numbers)",Fig. 5,"Text (trend description); absolute ng/mL or ug/mL values are graph-only, not extracted","alpha-GST (detoxification marker) rose at day 9 (3 days post-APAP) then declined by day 12, likely due to APAP-induced cell death; LDH also declined under APAP treatment, consistent with cytotoxicity (text-stated, values graph-only)."
39,3_liver_scaffold_dataset.csv,P-Mazzocchi2019,0,2019,Optimization of collagen type I-hyaluronan hybrid bioink for 3D bioprinted liver microenvironments,0,0,Methacrylated Collagen type I (COL I) + thiolated Hyaluronic acid (HA),0,0,UV (thiol-ene reaction via photoinitiator),0,0,0,0,NR,0,NR,0,0,0,0,0,0,0,0,0,0,Mazzocchi2019_ColHA_4to1,COL I 6 mg/mL; HA 2 mg/mL (ratio 4:1),NR,Collagen I / HA hybrid bioink,NR,NR,Extrusion bioprinting (Allevi 2 bioprinter),NR,NR,NR,NR,NR,4-spoke test structure,Lx2 or aHSC,5x10^6 cells/mL,NR,>80,NR,NR,NR,NR,NR,NR,NR,NR,"Most ideal for cell (aHSC) elongation/durotaxis-like spreading, but NOT used for the liver model because bioink phase-separated (collagen bundling) after ~30 min at room temperature, limiting print window",Figs. 3-4,Text,"Excluded from final hepatocyte liver-model construct due to printability limitation (phase separation), despite good cell viability/elongation."
40,3_liver_scaffold_dataset.csv,P-Kang2020,0,2020,Bioprinting of Multiscaled Hepatic Lobules within a Highly Vascularized Construct,0,0,"Collagen (3%) + Alginate (3%, sacrificial, removed to form lumen)",0,0,"Ca2+ (alginate, sacrificial) then removed; collagen gelled at 37 C",0,0,0,0,NR,0,NR,0,0,0,0,0,0,0,0,0,0,Kang2020_Preset_HepaticLobule,Collagen 3%; Alginate 3%,NR,Collagen bioink (final scaffold after alginate removal),NR,NR,"Preset extrusion bioprinting (3-segment preset cartridge: hepatocyte-laden, EC-laden, cell-free sacrificial bioinks)",1 mm inner diameter nozzle (mimics hepatic lobule scale); printing resolution ~10 um,"Exterior width 36.45 (+/-13); Side width 51.66 (+/-28); Lumen width 98.21 (+/-8.7), all in um",NR,NR,NR,"Hepatic lobule mimic (~1 mm) with central lumen (~150 um), EC-lined exterior/lumen",HepG2/C3A + EA.hy926 (endothelial cells),"6x10^7 cells/mL (each cell type, combined bioink)",7,">90 (EC-only construct, maintained through day 7)","NR (graph only, Fig. 4D)",NR,NR,NR,2,"fold-change vs 2D (rifampicin-induced, 50 uM, 24 h)",NR,NR,"Higher albumin and urea secretion vs Mix (non-lumen) and 2D controls; higher albumin, MRP2, and CD31 protein levels (western blot, relative units); CYP3A4 and CYP1A1 activity ~2x higher than 2D",Figs. 1-5; Sec. 2.3-2.4,"Text (lobule dimensions, CYP3A4 fold-change explicit); albumin/urea absolute values and protein band densities are graph-only","CYP1A1 (not CYP1A2) was the second enzyme measured (omeprazole-induced, 25 uM, 24 h); paper does not report CYP1A2. Hepatic lobe (multi-lobule array) overall dimension ~4x5.2x2.5 mm (Fig. S4)."
41,3_liver_scaffold_dataset.csv,P-Kang2020,0,2020,Bioprinting of Multiscaled Hepatic Lobules within a Highly Vascularized Construct,0,0,Collagen (3%) + HepG2/C3A + EA.hy926 mixture (no sacrificial lumen),0,0,NR,0,0,0,0,NR,0,NR,0,0,0,0,0,0,0,0,0,0,Kang2020_Mix_noLumen,NR,NR,Collagen bioink,NR,NR,"Direct mixed-cell bioprinting (no preset spatial patterning, no lumen)",NR,NR,NR,NR,NR,"Mix (W/O lumen): homogeneous hepatocyte/EC mixture, no central lumen",HepG2/C3A + EA.hy926 (mixed),NR,10,NR,NR,NR,NR,NR,NR,NR,NR,NR,"Lower viability/proliferation than lumen-embedded (Mix W lumen) and Preset models; centrally located cells died by day 5 due to diffusion limitation, cells migrated to/grew at the edge by day 10 (text-stated)",Fig. 3,Text (qualitative); viability/proliferation % only in Fig. 3B-C graphs,Used as a negative/comparison control for the spatially-patterned Preset lobule design.
42,3_liver_scaffold_dataset.csv,P-Kang2020,0,2020,Bioprinting of Multiscaled Hepatic Lobules within a Highly Vascularized Construct,0,0,NR (2D control),0,0,NR,0,0,0,0,NR,0,NR,0,0,0,0,0,0,0,0,0,0,Kang2020_2D_HepG2C3A_control,NR,NR,None (2D),NR,NR,2D monolayer culture (control),NR,NR,NR,NR,NR,2D monolayer,HepG2/C3A,NR,5,NR,NR,NR,NR,NR,NR,NR,NR,NR,"Urea production similar to 3D models; albumin secretion lower than 3D models on days 1 and 4 (text-stated, no absolute numbers)",Fig. 4D,Text (qualitative comparison),P450 enzyme activity for 2D was measured at day 5 (vs day 8 for 3D models) due to relatively lower 2D cell viability at later time points.
43,3_liver_scaffold_dataset.csv,P-Jeon2017,0,2017,Generation of Multilayered 3D Structures of HepG2 Cells Using a Bio-printing Technique,0,0,Sodium alginate,0,0,Calcium chloride (CaCl2),0,0,0,0,NR,0,NR,0,0,0,0,0,0,0,0,0,0,Jeon2017_Alginate_mCherryHepG2,3,NR,Alginate hydrogel,1%,NR,"3D bioprinting (custom KIMM system), continuous air pressure 300 kPa",Nozzle 400 um; strand pitch 1000 um; printed structure 25 mm x 25 mm,NR,1000,NR,NR,Multilayered grid (layers intersecting at right angles),HepG2 (mCherry-tagged),NR,21,NR,NR,NR,NR,NR,NR,NR,NR,NR,"ALBUMIN mRNA expression increased significantly after only 3 days of seeding (explicit text); ASGR1 and AFP mRNA modestly increased by day 21 (text, no numeric fold given)",Figs. 2-4,"Text (fabrication parameters explicit); mRNA fold-change values are graph-only (Fig. 4), not extracted",No numeric cell density (cells/mL) or % viability given in text for the printed constructs; qualitative descriptions only ('stably proliferated and repopulated').
44,3_liver_scaffold_dataset.csv,P-Lieberthal2024,0,2024,Implantable 3D printed hydrogels with intrinsic channels for liver tissue engineering,0,0,"Poly(ethylene glycol) diacrylate (PEGDA), MW 700 Da",0,0,UV (405 nm; 0.5 wt% LAP photoinitiator; 2 mM tartrazine photomask),0,0,0,0,80,0,NR,0,0,0,0,0,0,0,0,0,0,Lieberthal2024_3DPD_hepatoma_flow_20M,20,NR (not gelatin-based; PEGDA scaffold),"Collagen (3 mg/mL rat-tail collagen, cell carrier within hepatobiliary channel)",0.5 wt% LAP,3.5 s per layer,Digital light processing (DLP) 3D printing (LUMEN-X printer),100 um layer resolution; HB/PV channels 1 mm square cross-section; 300 um porous barrier; HB channel volume ~20 uL; sterilized 70% ethanol 24 h,NR,NR,NR,NR,Bichannel millifluidic device (portal-venous + hepatobiliary channels),H4-II-E-C3 rat hepatoma cells,20x10^6 cells/mL,7,NR,NR,NR,NR,NR,NR,NR,NR,NR,Perfusion (flow) maintained viability at 24h and permitted proliferation at 3 and 7 days vs static; caspase-3/7 activity 70% higher without flow (explicit text value),Figs. 1-2,"Text (fabrication parameters, 80% porosity, 70% higher caspase-3/7 activity all explicit); albumin/urea/CYP3A4 fold-changes are graph-only (Figs 2F, 3E-F), not extracted","NOT a gelatin/GelMA scaffold (PEGDA hydrogel with collagen cell-carrier) - included for completeness per the requested schema, but off-target for a gelatin-focused dataset. Albumin was NOT significantly affected by flow; urea increased with flow (both text-stated directionally, no absolute values in text)."
45,3_liver_scaffold_dataset.csv,P-Arai2017,0,2017,Fabrication of 3D-culture platform with sandwich architecture for preserving liver-specific functions of hepatocytes using 3D bioprinter,0,0,Galactosylated alginate (GA),0,0,Barium chloride (BaCl2.2H2O),0,0,0,0,NR,0,NR,0,0,0,0,0,0,0,0,0,0,Arai2017_GAgel_sandwich_hepatocyte,1.2,NR (not gelatin-based; galactosylated alginate),GA-gel (galactosylated alginate hydrogel); compared to plain alginate (Alg) gel and PVLA/collagen-coated dishes,20 mg/mL,NR,Custom piezoelectric inkjet 3D bioprinter; PDMS mold for sandwich culture device,GA synthesized from sodium alginate + lactobionic lactone via EDC/NHS coupling; gel sheet well ~1.5x1.5 cm,NR,NR,NR,NR,"Sandwich culture (two GA-gel sheets with hepatocyte monolayers, inverted and stacked to mimic hepatic cord)","Primary mouse hepatocytes (ICR mice, 2-step in situ collagenase perfusion)",NR,1,">85 (at isolation, via trypan blue exclusion; this is isolation viability, not culture-endpoint viability)",NR,NR,NR,NR,NR,NR,NR,NR,"GA-gel sheets supported more adherent hepatocytes than plain Alg-gel sheets; ASGPR expression higher and confined to the basal/membrane region on PVLA/GA vs collagen-coated dishes (polarity indicator); sandwich device expressed albumin, MRP2, and ASGPR by immunostaining, with ASGPR shifting from cytoplasmic (monolayer) to membrane-localized (sandwich) distribution",Figs. 4-8,"Text (qualitative/relative statements); cell-count-per-gel-sheet values (Fig. 6C) and protein band densities (Fig. 5A) are graph-only, not extracted",NOT a gelatin/GelMA scaffold (galactosylated alginate). No albumin/urea/CYP concentration values given anywhere in text; functional evidence is immunostaining/localization only.
46,4_liver_scaffold_dataset_curated.csv,Lewis_2018_ActaBiomater,0,2018,3D-printed gelatin scaffolds of differing pore geometry modulate hepatocyte function and gene expression,0,0,Gelatin Type A,0,0,EDC / NHS,0,0,0,0,0,0,0,0,0,0,0,0,0,0,0,0,0,Gelatin_10pct_60deg_Geometry,10.0,10.0,Porcine skin Gelatin Type A,15 mM EDC + 6 mM NHS,1 h,Extrusion 3D Bioprinting (Pneumatic piston-driven),"EnvisionTEC 3D-Bioplotter, 200 um nozzle, 30 C cartridge, 10 C bed, 156 um layer thickness, 6 layers",500.0,700.0,0,0,3D Triangular / Hexagonal Interconnected Grid (60 deg alternating),HUH7,"3.3e6 cells/mL (0.1e6 cells/scaffold, 6 mm disc)",14,92.0,0.178,ng/cell (cumulative Day 7),0,0,1100.0,Fold change activity vs Day 0 2D control,0,1100.0,High,"Fig. 1A-C, Fig. 2A-B, Fig. 3A-B, Fig. 4A-B, Fig. 5, Fig. 6A-C",Direct text extraction & figure digitization,0
47,4_liver_scaffold_dataset_curated.csv,Lewis_2018_ActaBiomater,0,2018,3D-printed gelatin scaffolds of differing pore geometry modulate hepatocyte function and gene expression,0,0,Gelatin Type A,0,0,EDC / NHS,0,0,0,0,0,0,0,0,0,0,0,0,0,0,0,0,0,Gelatin_10pct_90deg_Geometry,10.0,10.0,Porcine skin Gelatin Type A,15 mM EDC + 6 mM NHS,1 h,Extrusion 3D Bioprinting (Pneumatic piston-driven),"EnvisionTEC 3D-Bioplotter, 200 um nozzle, 30 C cartridge, 10 C bed, 156 um layer thickness, 6 layers",500.0,700.0,0,0,3D Orthogonal Square Grid (90 deg alternating),HUH7,3.3e6 cells/mL (0.1e6 cells/scaffold),14,89.5,0.138,ng/cell (cumulative Day 7),0,0,750.0,Fold change activity vs Day 0 2D control,0,750.0,Moderate,"Fig. 1A-C, Fig. 2A-B, Fig. 3A-B, Fig. 4A-B, Fig. 5, Fig. 6A-C",Direct text extraction & figure digitization,0
48,4_liver_scaffold_dataset_curated.csv,Lewis_2018_ActaBiomater,0,2018,3D-printed gelatin scaffolds of differing pore geometry modulate hepatocyte function and gene expression,0,0,Gelatin Type A,0,0,EDC / NHS,0,0,0,0,0,0,0,0,0,0,0,0,0,0,0,0,0,Gelatin_Coated_2D_Control,10.0,10.0,Porcine skin Gelatin Type A,15 mM EDC + 6 mM NHS,1 h,2D Surface Coating,Gelatin-coated and EDC/NHS crosslinked 6-well plate,0,0,0,0,2D Monolayer Flat Coating,HUH7,0.1e6 cells/well,14,88.0,0.134,ng/cell (cumulative Day 7),0,0,210.0,Fold change activity vs Day 0 2D control,0,210.0,Low,"Fig. 2A-B, Fig. 4B, Fig. 5",Direct text extraction & figure digitization,0
49,4_liver_scaffold_dataset_curated.csv,Mirdamadi_2023_BiotechnolBioeng,0,2023,3D-printed PLA/Gel hybrid in liver tissue engineering: Effects of architecture on biological functions,0,0,Polylactic Acid (PLA) + Gelatin,0,0,Glutaraldehyde (GA),0,0,0,0,52.0,0,0,0,0,0,0,0,0,0,0,0,0,PLA_Hexagonal_2pct_Gelatin_2H,100.0,2.0,Gelatin coating (M-Entrapment),1% w/v in water,2 h,Fused Deposition Modeling (FDM) + Entrapment Coating,"Quantum 3D-Generous FDM, 0.4 mm nozzle, nozzle 195 C, bed 50 C, strut dia 0.4 mm, spacing 0.4 mm, freeze dried 4h",400.0,400.0,0,0,3D Bioinspired Hexagonal Cross-section (H),HepG2,"8,000 cells/scaffold",7,116.0,4.8e-06,mg/L/cell (Day 7),8.9e-07,g/dL/cell (Day 7),0,0,0,0,High,"Table 1, Table 2, Fig. 1, Fig. 6, Fig. 8, Fig. 9, Fig. 10, Fig. 11",Direct text extraction & figure digitization,0
50,4_liver_scaffold_dataset_curated.csv,Mirdamadi_2023_BiotechnolBioeng,0,2023,3D-printed PLA/Gel hybrid in liver tissue engineering: Effects of architecture on biological functions,0,0,Polylactic Acid (PLA) + Gelatin,0,0,Glutaraldehyde (GA),0,0,0,0,50.0,0,0,0,0,0,0,0,0,0,0,0,0,PLA_Square_2pct_Gelatin_2S,100.0,2.0,Gelatin coating (M-Entrapment),1% w/v in water,2 h,Fused Deposition Modeling (FDM) + Entrapment Coating,"Quantum 3D-Generous FDM, 0.4 mm nozzle, nozzle 195 C, bed 50 C, strut dia 0.4 mm, spacing 0.4 mm, freeze dried 4h",400.0,400.0,0,0,3D Simple Square Cross-section (S),HepG2,"8,000 cells/scaffold",7,106.0,5.1e-06,mg/L/cell (Day 7),9.1e-07,g/dL/cell (Day 7),0,0,0,0,High,"Table 1, Table 2, Fig. 1, Fig. 6, Fig. 8, Fig. 9, Fig. 10, Fig. 11",Direct text extraction & figure digitization,0
51,4_liver_scaffold_dataset_curated.csv,Mirdamadi_2023_BiotechnolBioeng,0,2023,3D-printed PLA/Gel hybrid in liver tissue engineering: Effects of architecture on biological functions,0,0,Polylactic Acid (PLA) + Gelatin,0,0,Glutaraldehyde (GA),0,0,0,0,52.0,0,0,0,0,0,0,0,0,0,0,0,0,PLA_Hexagonal_1pct_Gelatin_1H,100.0,1.0,Gelatin coating (M-Entrapment),1% w/v,2 h,Fused Deposition Modeling (FDM) + Entrapment Coating,"Quantum 3D-Generous FDM, 0.4 mm nozzle, nozzle 195 C, bed 50 C",400.0,400.0,0,0,3D Bioinspired Hexagonal Cross-section (H),HepG2,"8,000 cells/scaffold",7,118.0,1.6e-06,mg/L/cell (Day 7),2.5e-07,g/dL/cell (Day 7),0,0,0,0,Moderate,"Table 1, Table 2, Fig. 8, Fig. 9, Fig. 11",Direct text extraction & figure digitization,0
52,4_liver_scaffold_dataset_curated.csv,Mirdamadi_2023_BiotechnolBioeng,0,2023,3D-printed PLA/Gel hybrid in liver tissue engineering: Effects of architecture on biological functions,0,0,Polylactic Acid (PLA),0,0,0,0,0,0,0,52.0,0,0,0,0,0,0,0,0,0,0,0,0,PLA_Hexagonal_NoGelatin_0H,100.0,0.0,0,0,0,Fused Deposition Modeling (FDM),"Quantum 3D-Generous FDM, 0.4 mm nozzle, 195 C nozzle, 50 C bed",400.0,400.0,0,0,3D Bioinspired Hexagonal Cross-section (H),HepG2,"8,000 cells/scaffold",7,118.0,6.5e-07,mg/L/cell (Day 7),1.4e-07,g/dL/cell (Day 7),0,0,0,0,Moderate,"Table 1, Table 2, Fig. 8, Fig. 9, Fig. 11",Direct text extraction & figure digitization,0
53,4_liver_scaffold_dataset_curated.csv,Mirdamadi_2023_BiotechnolBioeng,0,2023,3D-printed PLA/Gel hybrid in liver tissue engineering: Effects of architecture on biological functions,0,0,Polylactic Acid (PLA),0,0,0,0,0,0,0,50.0,0,0,0,0,0,0,0,0,0,0,0,0,PLA_Square_NoGelatin_0S,100.0,0.0,0,0,0,Fused Deposition Modeling (FDM),"Quantum 3D-Generous FDM, 0.4 mm nozzle, 195 C nozzle, 50 C bed",400.0,400.0,0,0,3D Simple Square Cross-section (S),HepG2,"8,000 cells/scaffold",7,115.0,7e-07,mg/L/cell (Day 7),1.3e-07,g/dL/cell (Day 7),0,0,0,0,Moderate,"Table 1, Table 2, Fig. 8, Fig. 9, Fig. 11",Direct text extraction & figure digitization,0
54,4_liver_scaffold_dataset_curated.csv,Lieberthal_2024_PNAS,0,2024,Implantable 3D printed hydrogels with intrinsic channels for liver tissue engineering,0,0,Polyethylene glycol diacrylate (PEGDA 700 Da),0,0,LAP (UV 405 nm DLP),0,0,0,0,80.0,0,0,0,0,0,0,0,0,0,0,0,0,PEGDA_Bichannel_Device_Rat_Primary_Flow,20.0,0.0,Rat tail Collagen Type I (3 mg/mL in HB cell channel),0.5 wt% LAP + 2 mM tartrazine,3.5 s per 100 um layer (~15 min total),Digital Light Processing (DLP 3D Printing),"LUMEN-X DLP printer, 100 um layer resolution, 405 nm UV, 1 mL/min perfusion flow",300.0,0,0,1.05,"3D Bichannel Millifluidic Device (Parallel PV & HB channels, 1 mm sq, 300 um barrier)",Primary Rat Hepatocytes,4e6 cells/mL (in collagen),7,92.0,3020.0,ng/mL (Day 7 supernatant + elution),0,0,5.1,Fold change activity vs static control,0,5.1,High,"Fig. 1A-C, Fig. 3A-F, Fig. 4A-D, Fig. 5A-E",Direct text extraction & figure digitization,0
55,4_liver_scaffold_dataset_curated.csv,Lieberthal_2024_PNAS,0,2024,Implantable 3D printed hydrogels with intrinsic channels for liver tissue engineering,0,0,Polyethylene glycol diacrylate (PEGDA 700 Da),0,0,LAP (UV 405 nm DLP),0,0,0,0,80.0,0,0,0,0,0,0,0,0,0,0,0,0,PEGDA_Bichannel_Device_Rat_Primary_Static,20.0,0.0,Rat tail Collagen Type I (3 mg/mL),0.5 wt% LAP + 2 mM tartrazine,3.5 s per layer,Digital Light Processing (DLP 3D Printing),"LUMEN-X DLP printer, static submerged culture",300.0,0,0,1.05,3D Bichannel Millifluidic Device,Primary Rat Hepatocytes,4e6 cells/mL,7,70.0,2240.0,ng/mL (Day 7),0,0,1.0,Fold change activity baseline,0,1.0,Moderate,Fig. 3A-F,Direct text extraction & figure digitization,0
56,4_liver_scaffold_dataset_curated.csv,Lieberthal_2024_PNAS,0,2024,Implantable 3D printed hydrogels with intrinsic channels for liver tissue engineering,0,0,Polyethylene glycol diacrylate (PEGDA 700 Da),0,0,LAP (UV 405 nm DLP),0,0,0,0,80.0,0,0,0,0,0,0,0,0,0,0,0,0,PEGDA_Bichannel_Hepatoma_H4IIEC3_Flow,20.0,0.0,Rat tail Collagen Type I (3 mg/mL),0.5 wt% LAP + 2 mM tartrazine,3.5 s per layer,Digital Light Processing (DLP 3D Printing),"LUMEN-X DLP printer, 1 mL/min perfusion flow",300.0,0,0,1.05,3D Bichannel Millifluidic Device,H4-II-E-C3 Rat Hepatoma,20e6 cells/mL (in collagen),7,95.0,58.0,ng/mL (Day 7),0.058,mg/dL (Day 7),5.8,Fold change mRNA vs static,1.8,5.8,High,Fig. 2B-H,Direct text extraction & figure digitization,0
57,4_liver_scaffold_dataset_curated.csv,Lieberthal_2024_PNAS,0,2024,Implantable 3D printed hydrogels with intrinsic channels for liver tissue engineering,0,0,Polyethylene glycol diacrylate (PEGDA 700 Da),0,0,LAP (UV 405 nm DLP),0,0,0,0,80.0,0,0,0,0,0,0,0,0,0,0,0,0,PEGDA_Bichannel_Hepatoma_H4IIEC3_Static,20.0,0.0,Rat tail Collagen Type I (3 mg/mL),0.5 wt% LAP + 2 mM tartrazine,3.5 s per layer,Digital Light Processing (DLP 3D Printing),"LUMEN-X DLP printer, static submerged",300.0,0,0,1.05,3D Bichannel Millifluidic Device,H4-II-E-C3 Rat Hepatoma,20e6 cells/mL,7,65.0,52.0,ng/mL (Day 7),0.052,mg/dL (Day 7),1.0,Fold change mRNA baseline,1.0,1.0,Low,Fig. 2B-H,Direct text extraction & figure digitization,0
58,4_liver_scaffold_dataset_curated.csv,Lieberthal_2024_PNAS,0,2024,Implantable 3D printed hydrogels with intrinsic channels for liver tissue engineering,0,0,Polyethylene glycol diacrylate (PEGDA 700 Da),0,0,LAP (UV 405 nm DLP),0,0,0,0,80.0,0,0,0,0,0,0,0,0,0,0,0,0,PEGDA_Bichannel_TriCulture_Flow,20.0,0.0,Rat tail Collagen Type I (3 mg/mL),0.5 wt% LAP + 2 mM tartrazine,3.5 s per layer,Digital Light Processing (DLP 3D Printing),"LUMEN-X DLP printer, 1 mL/min perfusion flow",300.0,0,0,1.05,3D Bichannel Millifluidic Device,Primary Rat Hepatocytes + ECs + BM-MSCs (4:2:1 ratio),1.75e6 total cells/mL (1e6 hepatocytes/mL in collagen),7,96.0,590.0,ng/mL (Day 7),0,0,7.8,Fold change RNA-seq normalized counts (Cyp3a9),4.1,7.8,High,Fig. 4A-D,Direct text extraction & figure digitization,0
59,4_liver_scaffold_dataset_curated.csv,Lieberthal_2024_PNAS,0,2024,Implantable 3D printed hydrogels with intrinsic channels for liver tissue engineering,0,0,Polyethylene glycol diacrylate (PEGDA 700 Da),0,0,LAP (UV 405 nm DLP),0,0,0,0,80.0,0,0,0,0,0,0,0,0,0,0,0,0,PEGDA_Fractal_Scaled_Hepatoma_Flow,20.0,0.0,Rat tail Collagen Type I (3 mg/mL),0.5 wt% LAP + 2 mM tartrazine,3.5 s per layer,Digital Light Processing (DLP 3D Printing),"LUMEN-X DLP printer, 4 generations Murray's law fractal bifurcations, min diameter 400 um, peristaltic perfusion",400.0,0,0,1.05,3D Fractal Bifurcating Vascular Network (3x3 cm block),H4-II-E-C3 Rat Hepatoma,20e6 cells/mL,7,91.0,0,0,0,0,0,0,0,0,High,Fig. 6A-I,Direct text extraction & figure digitization,0
60,4_liver_scaffold_dataset_curated.csv,Hiller_2018_IJMS,0,2018,Generation of a 3D Liver Model Comprising Human Extracellular Matrix in an Alginate/Gelatin-Based Bioink by Extrusion Bioprinting for Infection and Transduction Studies,0,0,Sodium Alginate + Gelatin,0,0,CaSO4 (pre-crosslink) + CaCl2 (bath),0,0,0,0,0,0,3.4,0,0,0,0,0,0,0,0,0,0,AlgGel_hECM_1mg_ml_Construct,2.0,3.0,Human decellularized extracellular matrix (hECM 1.0 mg/mL),0.03 M CaSO4 + 0.1 M CaCl2 (bath) + 0.02 M CaCl2 (media),8 min CaSO4 + 5 min 0.1 M CaCl2,Extrusion 3D Bioprinting (Pneumatic microextrusion),"Cellink INKREDIBLE+, 22G needle, 10-20 kPa extrusion pressure, 10x10x1 mm grid, Rhinoceros5 CAD",1.5,1500.0,0,0,"3D Porous Grid Scaffold (10x10x1 mm, regularly spaced pores)",HepaRG (mature),7e6 cells/mL bioink (~0.75e6 cells/construct),7,85.0,9.8,ng/mL (Day 7),0,0,5100.0,RLU (luminescence normalized to lysis ctrl),0,5100.0,High,"Fig. 1, Fig. 2A-D, Fig. 3A-B, Fig. 4A-B, Fig. 5A-B, Fig. 6A-B",Direct text extraction & figure digitization,0
61,4_liver_scaffold_dataset_curated.csv,Hiller_2018_IJMS,0,2018,Generation of a 3D Liver Model Comprising Human Extracellular Matrix in an Alginate/Gelatin-Based Bioink by Extrusion Bioprinting for Infection and Transduction Studies,0,0,Sodium Alginate + Gelatin,0,0,CaSO4 + CaCl2,0,0,0,0,0,0,3.0,0,0,0,0,0,0,0,0,0,0,AlgGel_hECM_0_5mg_ml_Construct,2.0,3.0,Human decellularized extracellular matrix (hECM 0.5 mg/mL),0.03 M CaSO4 + 0.1 M CaCl2,8 min + 5 min,Extrusion 3D Bioprinting,"Cellink INKREDIBLE+, 22G needle, 10-20 kPa",1.5,1500.0,0,0,3D Porous Grid Scaffold (10x10x1 mm),HepaRG (mature),7e6 cells/mL,7,84.0,10.5,ng/mL (Day 7),0,0,6000.0,RLU,0,6000.0,High,"Fig. 2B-D, Fig. 3A-B",Direct text extraction & figure digitization,0
62,4_liver_scaffold_dataset_curated.csv,Hiller_2018_IJMS,0,2018,Generation of a 3D Liver Model Comprising Human Extracellular Matrix in an Alginate/Gelatin-Based Bioink by Extrusion Bioprinting for Infection and Transduction Studies,0,0,Sodium Alginate + Gelatin,0,0,CaSO4 + CaCl2,0,0,0,0,0,0,2.5,0,0,0,0,0,0,0,0,0,0,AlgGel_w_o_hECM_Control_Construct,2.0,3.0,None (0 mg/mL hECM),0.03 M CaSO4 + 0.1 M CaCl2,8 min + 5 min,Extrusion 3D Bioprinting,"Cellink INKREDIBLE+, 22G needle, 10-20 kPa",1.5,1500.0,0,0,3D Porous Grid Scaffold (10x10x1 mm),HepaRG (mature),7e6 cells/mL,7,82.0,5.4,ng/mL (Day 7),0,0,3700.0,RLU,0,3700.0,Moderate,"Fig. 2B-D, Fig. 3A-B, Fig. 4A-B",Direct text extraction & figure digitization,0
63,4_liver_scaffold_dataset_curated.csv,Hiller_2018_IJMS,0,2018,Generation of a 3D Liver Model Comprising Human Extracellular Matrix in an Alginate/Gelatin-Based Bioink by Extrusion Bioprinting for Infection and Transduction Studies,0,0,Sodium Alginate + Gelatin,0,0,CaSO4 + CaCl2,0,0,0,0,0,0,4.1,0,0,0,0,0,0,0,0,0,0,AlgGel_hECM_2mg_ml_Detrimental,2.0,3.0,Human decellularized extracellular matrix (hECM 2.0 mg/mL),0.03 M CaSO4 + 0.1 M CaCl2,8 min + 5 min,Extrusion 3D Bioprinting,"Cellink INKREDIBLE+, 22G needle, 10-20 kPa",1.5,1500.0,0,0,3D Porous Grid Scaffold (10x10x1 mm),HepaRG (mature),7e6 cells/mL,7,71.0,1.5,ng/mL (Day 7),0,0,350.0,RLU,0,350.0,Low,"Fig. 2B-D, Fig. 3A-B",Direct text extraction & figure digitization,0
64,4_liver_scaffold_dataset_curated.csv,Mazzocchi_2019_Biofabrication,0,2019,Optimization of collagen type I-hyaluronan hybrid bioink for 3D bioprinted liver microenvironments,0,0,Methacrylated Collagen Type I + Thiolated Hyaluronic Acid (3:1),0,0,UV light photo-crosslinking (Thiol-ene click + methacrylate linkage),0,0,0,0,0,0,3.65,0,0,0,0,0,0,0,0,0,0,Col_I_HA_3to1_Liver_Model_Untreated,0.5,0.0,Methacrylated Porcine Collagen Type I (4.5 mg/mL) + Heprasil (0.5 mg/mL),0.025% w/v photoinitiator (Sigma 410896),10 s UV irradiation (1.9 W/cm^2),Extrusion 3D Bioprinting (Pneumatic benchtop),"Allevi 2 bioprinter, 28G blunt needle, 4 kPa pressure, 50 mm/s speed, 4-spoke wheel design (12 mm dia), ice rest 45 min",0,2500.0,0,0,"3D 4-Spoke Wheel Structure (12 mm dia, 1.8 mm spoke width)",Primary Human Hepatocytes + Human Stellate Cells,5e6 cells/mL,15,82.0,2.7,ug/mL (Day 9-12),12.0,ng/mL (Day 9-12),0,0,0,0,High,"Fig. 1A-D, Fig. 2A-E, Fig. 3A-F, Fig. 4A-D, Fig. 5A-E",Direct text extraction & figure digitization,0
65,4_liver_scaffold_dataset_curated.csv,Mazzocchi_2019_Biofabrication,0,2019,Optimization of collagen type I-hyaluronan hybrid bioink for 3D bioprinted liver microenvironments,0,0,Methacrylated Collagen Type I + Thiolated Hyaluronic Acid (3:1),0,0,UV light photo-crosslinking,0,0,0,0,0,0,3.65,0,0,0,0,0,0,0,0,0,0,Col_I_HA_3to1_Liver_Model_APAP_Treated,0.5,0.0,Methacrylated Porcine Collagen Type I + Heprasil,0.025% w/v photoinitiator,10 s UV,Extrusion 3D Bioprinting,"Allevi 2, 28G needle, 4 kPa, 50 mm/s, treated with 100 uM APAP at day 6",0,2500.0,0,0,3D 4-Spoke Wheel Structure,Primary Human Hepatocytes + Stellate Cells,5e6 cells/mL,15,35.0,0.05,ug/mL (Day 12 post-APAP collapse),0.0,ng/mL (Day 9-12),0,0,0,0,Low,Fig. 5A-E,Direct text extraction & figure digitization,0
66,4_liver_scaffold_dataset_curated.csv,Mazzocchi_2019_Biofabrication,0,2019,Optimization of collagen type I-hyaluronan hybrid bioink for 3D bioprinted liver microenvironments,0,0,Methacrylated Collagen Type I + Thiolated Hyaluronic Acid (2:1),0,0,UV light photo-crosslinking,0,0,0,0,0,0,2.15,0,0,0,0,0,0,0,0,0,0,Col_I_HA_2to1_Stellate_Culture,0.47,0.0,Methacrylated Collagen Type I (4.0 mg/mL) + Heprasil (0.67 mg/mL),0.033% w/v photoinitiator,2 s UV (rheometer) / 10 s (construct),Droplet Microdeposition & Bioprinting,"Allevi 2 bioprinter, 10 uL droplets or 4-spoke wheel",0,2500.0,0,0,3D 4-Spoke Wheel / Droplet,Human Hepatic Stellate Cells (LX-2 / aHSC),5e6 cells/mL,7,82.5,0,0,0,0,0,0,0,0,Moderate,"Fig. 1B-C, Fig. 3A-F, Fig. 4A-D",Direct text extraction & figure digitization,0
67,4_liver_scaffold_dataset_curated.csv,Mazzocchi_2019_Biofabrication,0,2019,Optimization of collagen type I-hyaluronan hybrid bioink for 3D bioprinted liver microenvironments,0,0,Methacrylated Collagen Type I + Thiolated Hyaluronic Acid (4:1),0,0,UV light photo-crosslinking,0,0,0,0,0,0,3.25,0,0,0,0,0,0,0,0,0,0,Col_I_HA_4to1_Stellate_Culture,0.52,0.0,Methacrylated Collagen Type I (4.8 mg/mL) + Heprasil (0.4 mg/mL),0.02% w/v photoinitiator,2 s UV / 10 s,Droplet Microdeposition & Bioprinting,"Allevi 2 bioprinter, prone to phase separation after 30 min",0,2500.0,0,0,3D 4-Spoke Wheel / Droplet,Human Hepatic Stellate Cells (LX-2 / aHSC),5e6 cells/mL,7,78.0,0,0,0,0,0,0,0,0,Moderate,"Fig. 1B-C, Fig. 3A-F, Fig. 4A-D",Direct text extraction & figure digitization,0
68,4_liver_scaffold_dataset_curated.csv,Kang_2020_Small,0,2020,Bioprinting of Multiscaled Hepatic Lobules within a Highly Vascularized Construct,0,0,Atelo-collagen (3%) + Alginate (3% sacrificial),0,0,"Thermal (37 C, 1 h for collagen gelation) + sacrificial alginate dissolution",0,0,0,0,68.0,0,0.48,0,0,0,0,0,0,0,0,0,0,Preset_Hepatic_Lobule_HepG2C3A_EAhy926,3.0,0.0,Porcine tendon Atelo-collagen,Thermal gelation at neutral pH (reconstituted with 10x DMEM and NaHCO3),1 h at 37 C in culture medium,Preset Extrusion Bioprinting (Precursor multi-compartment cartridge),"3DX bioprinter, 1 mm inner dia nozzle, 45 kPa extrusion pressure, 400 mm/min feed rate, central 150 um lumen",150.0,1000.0,0,0,"3D Biomimetic Hepatic Lobule with Central Lumen (1 mm dia, 150 um lumen)",HepG2/C3A + EA.hy926 Endothelial Cells,6e7 cells/mL (each cell type),10,84.5,325.0,ng/mL (Day 7),4.8,nmol (Day 7),2.8,Fold change vs 2D control (induced by 50 uM rifampicin),2.7,2.8,High,"Fig. 1A-I, Fig. 2A-E, Fig. 3A-E, Fig. 4A-E, Fig. 5A-C",Direct text extraction & figure digitization,0
69,4_liver_scaffold_dataset_curated.csv,Kang_2020_Small,0,2020,Bioprinting of Multiscaled Hepatic Lobules within a Highly Vascularized Construct,0,0,Atelo-collagen (3%) + Alginate (3% sacrificial),0,0,"Thermal (37 C, 1 h)",0,0,0,0,68.0,0,0.48,0,0,0,0,0,0,0,0,0,0,Mix_With_Lumen_HepG2C3A_EAhy926,3.0,0.0,Porcine tendon Atelo-collagen,Thermal gelation,1 h at 37 C,Extrusion Bioprinting (Premixed cell-ink with sacrificial central core),"3DX bioprinter, 1 mm nozzle, 45 kPa pressure",150.0,1000.0,0,0,3D Cylindrical Construct with Lumen (unpatterned mix),HepG2/C3A + EA.hy926 Endothelial Cells,6e7 cells/mL (each cell type),10,75.0,215.0,ng/mL (Day 7),3.4,nmol (Day 7),2.1,Fold change vs 2D control,2.1,2.1,Moderate,"Fig. 3A-E, Fig. 4A-E",Direct text extraction & figure digitization,0
70,4_liver_scaffold_dataset_curated.csv,Kang_2020_Small,0,2020,Bioprinting of Multiscaled Hepatic Lobules within a Highly Vascularized Construct,0,0,Atelo-collagen (3%),0,0,"Thermal (37 C, 1 h)",0,0,0,0,68.0,0,0.48,0,0,0,0,0,0,0,0,0,0,Mix_Without_Lumen_Solid_Construct,3.0,0.0,Porcine tendon Atelo-collagen,Thermal gelation,1 h at 37 C,Extrusion Bioprinting (Solid cylinder),"3DX bioprinter, 1 mm nozzle, solid core (no lumen)",0,1000.0,0,0,3D Solid Cylindrical Construct (No lumen),HepG2/C3A + EA.hy926 Endothelial Cells,6e7 cells/mL,10,35.0,90.0,ng/mL (Day 4; hypoxic necrotic collapse Day 10),0,0,0,0,0,0,Low,Fig. 3A-C,Direct text extraction & figure digitization,0
71,4_liver_scaffold_dataset_curated.csv,Kang_2020_Small,0,2020,Bioprinting of Multiscaled Hepatic Lobules within a Highly Vascularized Construct,0,0,Atelo-collagen (3%) + Alginate (3%),0,0,"Thermal (37 C, 1 h) + alginate sacrificial dissolution",0,0,0,0,68.0,0,0.52,0,0,0,0,0,0,0,0,0,0,Macroscale_Hepatic_Lobe_Array_Day5,3.0,0.0,Porcine tendon Atelo-collagen,Thermal gelation,1 h at 37 C,Layer-by-Layer Preset Extrusion Bioprinting,"3DX bioprinter, 500 um nozzle, 45 kPa, 400 mm/min feed rate, 3x4 strut array (4x5.2x2.5 mm construct)",150.0,500.0,0,0,"3D Multiscaled Hepatic Lobe Array (3x4 multi-lumen array, 4x5.2x2.5 mm)",HepG2/C3A + EA.hy926 Endothelial Cells,6e7 cells/mL (each cell type),7,86.0,0,0,0,0,0,0,0,0,High,"Fig. 5A-C, Fig. S3, Fig. S4, Fig. S5",Direct text extraction & figure digitization,0
72,4_liver_scaffold_dataset_curated.csv,Wu_2020_SciRep,0,2020,3D bioprinting of bicellular liver lobule-mimetic structures via microextrusion of cellulose nanocrystal-incorporated shear-thinning bioink,0,0,Alginate (1%) + CNC (3%) + GelMA (5%) [Wall] / GelMA (4%) [Cavity],0,0,LAP (UV 365 nm photo-crosslinking),0,0,0,0,78.0,0,2.7,0,0,0,0,0,0,0,0,0,0,Bicellular_Lobule_NonContact_S4,9.0,5.0,"Gelatin Methacryloyl (GelMA, 85% DOS)",0.1 wt% LAP,2 min UV (365 nm),Microextrusion 3D Bioprinting (ME),"FlashForge Creator Pro + Nordson Ultimus V dispenser, 32G nozzle, 20 psi air pressure, 20 mm/s speed, 10 min pre-cooling",2400.0,2400.0,0,1.15,"3D Bicellular Honeycomb Lobule Lattice (0.48 mm wall thickness, 2.4 mm inner cavities)",HepG2 (in GelMA cavities) + NIH/3T3 Fibroblasts (in 135ACG walls),HepG2: 2.5e6 cells/mL; NIH/3T3: 5e6 cells/mL,14,91.0,41.0,Relative fold change vs Day 1,0,0,0,0,0,0,High,"Fig. 1, Fig. 2a-d, Fig. 3a-f, Fig. 7a-g, Fig. 8",Direct text extraction & figure digitization,0
73,4_liver_scaffold_dataset_curated.csv,Wu_2020_SciRep,0,2020,3D bioprinting of bicellular liver lobule-mimetic structures via microextrusion of cellulose nanocrystal-incorporated shear-thinning bioink,0,0,Alginate (1%) + CNC (3%) + GelMA (5%) [Wall] / GelMA (4%) [Cavity],0,0,LAP (UV 365 nm),0,0,0,0,78.0,0,2.62,0,0,0,0,0,0,0,0,0,0,Bicellular_Lobule_DirectContact_S3,9.0,5.0,"Gelatin Methacryloyl (GelMA, 85% DOS)",0.1 wt% LAP,2 min UV (365 nm),Microextrusion 3D Bioprinting (ME),"FlashForge Creator Pro, 32G nozzle, 20 psi, 20 mm/s, mixed cells in 4% GelMA cavity",2400.0,2400.0,0,1.15,3D Bicellular Honeycomb Lobule Lattice (Acellular 135ACG wall + mixed cavity),HepG2 + NIH/3T3 Fibroblasts (2:1 mixture in GelMA),2.5e6 HepG2 + 1.25e6 NIH/3T3 per mL,14,90.0,38.0,Relative fold change vs Day 1,0,0,0,0,0,0,High,"Fig. 2c, Fig. 6a-g, Fig. 8",Direct text extraction & figure digitization,0
74,4_liver_scaffold_dataset_curated.csv,Wu_2020_SciRep,0,2020,3D bioprinting of bicellular liver lobule-mimetic structures via microextrusion of cellulose nanocrystal-incorporated shear-thinning bioink,0,0,Alginate (1%) + CNC (3%) + GelMA (5%) [Wall] / GelMA (4%) [Cavity],0,0,LAP (UV 365 nm),0,0,0,0,78.0,0,3.18,0,0,0,0,0,0,0,0,0,0,Monocellular_Lobule_HepG2_Only_S2,9.0,5.0,"Gelatin Methacryloyl (GelMA, 85% DOS)",0.1 wt% LAP,2 min UV (365 nm),Microextrusion 3D Bioprinting (ME),"FlashForge Creator Pro, 32G nozzle, 20 psi, 20 mm/s, HepG2 in 4% GelMA cavity",2400.0,2400.0,0,1.15,3D Monocellular Honeycomb Lobule Lattice (Acellular 135ACG wall + HepG2 cavity),HepG2 Monoculture,2.5e6 cells/mL,14,90.0,36.2,Relative fold change vs Day 1,0,0,0,0,0,0,Moderate,"Fig. 2c, Fig. 5a-h, Fig. 8",Direct text extraction & figure digitization,0
75,4_liver_scaffold_dataset_curated.csv,Wu_2020_SciRep,0,2020,3D bioprinting of bicellular liver lobule-mimetic structures via microextrusion of cellulose nanocrystal-incorporated shear-thinning bioink,0,0,Alginate (1%) + CNC (3%) + GelMA (5%) [Wall] / GelMA (4%) [Cavity],0,0,LAP (UV 365 nm),0,0,0,0,78.0,0,6.8,0,0,0,0,0,0,0,0,0,0,Monocellular_Lobule_NIH3T3_Only_S1,9.0,5.0,"Gelatin Methacryloyl (GelMA, 85% DOS)",0.1 wt% LAP,2 min UV (365 nm),Microextrusion 3D Bioprinting (ME),"FlashForge Creator Pro, 32G nozzle, 20 psi, 20 mm/s, NIH/3T3 in 135ACG wall",2400.0,2400.0,0,1.15,3D Monocellular Honeycomb Lobule Lattice (NIH/3T3 in 135ACG wall + acellular cavity),NIH/3T3 Fibroblasts,5e6 cells/mL,14,93.0,0,0,0,0,0,0,0,0,Moderate,"Fig. 2d, Fig. 4a-g",Direct text extraction & figure digitization,0
76,4_liver_scaffold_dataset_curated.csv,Wu_2020_SciRep,0,2020,3D bioprinting of bicellular liver lobule-mimetic structures via microextrusion of cellulose nanocrystal-incorporated shear-thinning bioink,0,0,0,0,0,0,0,0,0,0,0,0,0,0,0,0,0,0,0,0,0,0,0,HepG2_2D_Monolayer_Control_S0,0.0,0.0,None (Tissue culture plastic),0,0,2D Monolayer Culture,"6-well plate, 50,000 cells/well",0,0,0,0,2D Monolayer,HepG2,"50,000 cells/well",14,92.0,11.0,Relative fold change vs Day 1,0,0,0,0,0,0,Low,"Fig. 8, Fig. S5",Direct text extraction & figure digitization,0
77,5_liver_scaffold_dataset_curated.csv,Lewis_2018_ActaBiomater,0,2018,3D-printed gelatin scaffolds of differing pore geometry modulate hepatocyte function and gene expression,0,0,Gelatin Type A,0,0,EDC / NHS,0,0,0,0,0,0,0,0,0,0,0,0,0,0,0,0,0,Gelatin_10pct_60deg_Geometry,10.0,10.0,Porcine skin Gelatin Type A,15 mM EDC + 6 mM NHS,1 h,Extrusion 3D Bioprinting (Pneumatic piston-driven),"EnvisionTEC 3D-Bioplotter, 200 um nozzle, 30 C cartridge, 10 C bed, 156 um layer thickness, 6 layers",500.0,700.0,0,0,3D Triangular / Hexagonal Interconnected Grid (60 deg alternating),HUH7,"3.3e6 cells/mL (0.1e6 cells/scaffold, 6 mm disc)",14,92.0,0.178,ng/cell (cumulative Day 7),0,0,1100.0,Fold change activity vs Day 0 2D control,0,1100.0,High,"Fig. 1A-C, Fig. 2A-B, Fig. 3A-B, Fig. 4A-B, Fig. 5, Fig. 6A-C",Direct text extraction & figure digitization,0
78,5_liver_scaffold_dataset_curated.csv,Lewis_2018_ActaBiomater,0,2018,3D-printed gelatin scaffolds of differing pore geometry modulate hepatocyte function and gene expression,0,0,Gelatin Type A,0,0,EDC / NHS,0,0,0,0,0,0,0,0,0,0,0,0,0,0,0,0,0,Gelatin_10pct_90deg_Geometry,10.0,10.0,Porcine skin Gelatin Type A,15 mM EDC + 6 mM NHS,1 h,Extrusion 3D Bioprinting (Pneumatic piston-driven),"EnvisionTEC 3D-Bioplotter, 200 um nozzle, 30 C cartridge, 10 C bed, 156 um layer thickness, 6 layers",500.0,700.0,0,0,3D Orthogonal Square Grid (90 deg alternating),HUH7,3.3e6 cells/mL (0.1e6 cells/scaffold),14,89.5,0.138,ng/cell (cumulative Day 7),0,0,750.0,Fold change activity vs Day 0 2D control,0,750.0,Moderate,"Fig. 1A-C, Fig. 2A-B, Fig. 3A-B, Fig. 4A-B, Fig. 5, Fig. 6A-C",Direct text extraction & figure digitization,0
79,5_liver_scaffold_dataset_curated.csv,Lewis_2018_ActaBiomater,0,2018,3D-printed gelatin scaffolds of differing pore geometry modulate hepatocyte function and gene expression,0,0,Gelatin Type A,0,0,EDC / NHS,0,0,0,0,0,0,0,0,0,0,0,0,0,0,0,0,0,Gelatin_Coated_2D_Control,10.0,10.0,Porcine skin Gelatin Type A,15 mM EDC + 6 mM NHS,1 h,2D Surface Coating,Gelatin-coated and EDC/NHS crosslinked 6-well plate,0,0,0,0,2D Monolayer Flat Coating,HUH7,0.1e6 cells/well,14,88.0,0.134,ng/cell (cumulative Day 7),0,0,210.0,Fold change activity vs Day 0 2D control,0,210.0,Low,"Fig. 2A-B, Fig. 4B, Fig. 5",Direct text extraction & figure digitization,0
80,5_liver_scaffold_dataset_curated.csv,Mirdamadi_2023_BiotechnolBioeng,0,2023,3D-printed PLA/Gel hybrid in liver tissue engineering: Effects of architecture on biological functions,0,0,Polylactic Acid (PLA) + Gelatin,0,0,Glutaraldehyde (GA),0,0,0,0,52.0,0,0,0,0,0,0,0,0,0,0,0,0,PLA_Hexagonal_2pct_Gelatin_2H,100.0,2.0,Gelatin coating (M-Entrapment),1% w/v in water,2 h,Fused Deposition Modeling (FDM) + Entrapment Coating,"Quantum 3D-Generous FDM, 0.4 mm nozzle, nozzle 195 C, bed 50 C, strut dia 0.4 mm, spacing 0.4 mm, freeze dried 4h",400.0,400.0,0,0,3D Bioinspired Hexagonal Cross-section (H),HepG2,"8,000 cells/scaffold",7,116.0,4.8e-06,mg/L/cell (Day 7),8.9e-07,g/dL/cell (Day 7),0,0,0,0,High,"Table 1, Table 2, Fig. 1, Fig. 6, Fig. 8, Fig. 9, Fig. 10, Fig. 11",Direct text extraction & figure digitization,0
81,5_liver_scaffold_dataset_curated.csv,Mirdamadi_2023_BiotechnolBioeng,0,2023,3D-printed PLA/Gel hybrid in liver tissue engineering: Effects of architecture on biological functions,0,0,Polylactic Acid (PLA) + Gelatin,0,0,Glutaraldehyde (GA),0,0,0,0,50.0,0,0,0,0,0,0,0,0,0,0,0,0,PLA_Square_2pct_Gelatin_2S,100.0,2.0,Gelatin coating (M-Entrapment),1% w/v in water,2 h,Fused Deposition Modeling (FDM) + Entrapment Coating,"Quantum 3D-Generous FDM, 0.4 mm nozzle, nozzle 195 C, bed 50 C, strut dia 0.4 mm, spacing 0.4 mm, freeze dried 4h",400.0,400.0,0,0,3D Simple Square Cross-section (S),HepG2,"8,000 cells/scaffold",7,106.0,5.1e-06,mg/L/cell (Day 7),9.1e-07,g/dL/cell (Day 7),0,0,0,0,High,"Table 1, Table 2, Fig. 1, Fig. 6, Fig. 8, Fig. 9, Fig. 10, Fig. 11",Direct text extraction & figure digitization,0
82,5_liver_scaffold_dataset_curated.csv,Mirdamadi_2023_BiotechnolBioeng,0,2023,3D-printed PLA/Gel hybrid in liver tissue engineering: Effects of architecture on biological functions,0,0,Polylactic Acid (PLA) + Gelatin,0,0,Glutaraldehyde (GA),0,0,0,0,52.0,0,0,0,0,0,0,0,0,0,0,0,0,PLA_Hexagonal_1pct_Gelatin_1H,100.0,1.0,Gelatin coating (M-Entrapment),1% w/v,2 h,Fused Deposition Modeling (FDM) + Entrapment Coating,"Quantum 3D-Generous FDM, 0.4 mm nozzle, nozzle 195 C, bed 50 C",400.0,400.0,0,0,3D Bioinspired Hexagonal Cross-section (H),HepG2,"8,000 cells/scaffold",7,118.0,1.6e-06,mg/L/cell (Day 7),2.5e-07,g/dL/cell (Day 7),0,0,0,0,Moderate,"Table 1, Table 2, Fig. 8, Fig. 9, Fig. 11",Direct text extraction & figure digitization,0
83,5_liver_scaffold_dataset_curated.csv,Mirdamadi_2023_BiotechnolBioeng,0,2023,3D-printed PLA/Gel hybrid in liver tissue engineering: Effects of architecture on biological functions,0,0,Polylactic Acid (PLA),0,0,0,0,0,0,0,52.0,0,0,0,0,0,0,0,0,0,0,0,0,PLA_Hexagonal_NoGelatin_0H,100.0,0.0,0,0,0,Fused Deposition Modeling (FDM),"Quantum 3D-Generous FDM, 0.4 mm nozzle, 195 C nozzle, 50 C bed",400.0,400.0,0,0,3D Bioinspired Hexagonal Cross-section (H),HepG2,"8,000 cells/scaffold",7,118.0,6.5e-07,mg/L/cell (Day 7),1.4e-07,g/dL/cell (Day 7),0,0,0,0,Moderate,"Table 1, Table 2, Fig. 8, Fig. 9, Fig. 11",Direct text extraction & figure digitization,0
84,5_liver_scaffold_dataset_curated.csv,Mirdamadi_2023_BiotechnolBioeng,0,2023,3D-printed PLA/Gel hybrid in liver tissue engineering: Effects of architecture on biological functions,0,0,Polylactic Acid (PLA),0,0,0,0,0,0,0,50.0,0,0,0,0,0,0,0,0,0,0,0,0,PLA_Square_NoGelatin_0S,100.0,0.0,0,0,0,Fused Deposition Modeling (FDM),"Quantum 3D-Generous FDM, 0.4 mm nozzle, 195 C nozzle, 50 C bed",400.0,400.0,0,0,3D Simple Square Cross-section (S),HepG2,"8,000 cells/scaffold",7,115.0,7e-07,mg/L/cell (Day 7),1.3e-07,g/dL/cell (Day 7),0,0,0,0,Moderate,"Table 1, Table 2, Fig. 8, Fig. 9, Fig. 11",Direct text extraction & figure digitization,0
85,5_liver_scaffold_dataset_curated.csv,Lieberthal_2024_PNAS,0,2024,Implantable 3D printed hydrogels with intrinsic channels for liver tissue engineering,0,0,Polyethylene glycol diacrylate (PEGDA 700 Da),0,0,LAP (UV 405 nm DLP),0,0,0,0,80.0,0,0,0,0,0,0,0,0,0,0,0,0,PEGDA_Bichannel_Device_Rat_Primary_Flow,20.0,0.0,Rat tail Collagen Type I (3 mg/mL in HB cell channel),0.5 wt% LAP + 2 mM tartrazine,3.5 s per 100 um layer (~15 min total),Digital Light Processing (DLP 3D Printing),"LUMEN-X DLP printer, 100 um layer resolution, 405 nm UV, 1 mL/min perfusion flow",300.0,0,0,1.05,"3D Bichannel Millifluidic Device (Parallel PV & HB channels, 1 mm sq, 300 um barrier)",Primary Rat Hepatocytes,4e6 cells/mL (in collagen),7,92.0,3020.0,ng/mL (Day 7 supernatant + elution),0,0,5.1,Fold change activity vs static control,0,5.1,High,"Fig. 1A-C, Fig. 3A-F, Fig. 4A-D, Fig. 5A-E",Direct text extraction & figure digitization,0
86,5_liver_scaffold_dataset_curated.csv,Lieberthal_2024_PNAS,0,2024,Implantable 3D printed hydrogels with intrinsic channels for liver tissue engineering,0,0,Polyethylene glycol diacrylate (PEGDA 700 Da),0,0,LAP (UV 405 nm DLP),0,0,0,0,80.0,0,0,0,0,0,0,0,0,0,0,0,0,PEGDA_Bichannel_Device_Rat_Primary_Static,20.0,0.0,Rat tail Collagen Type I (3 mg/mL),0.5 wt% LAP + 2 mM tartrazine,3.5 s per layer,Digital Light Processing (DLP 3D Printing),"LUMEN-X DLP printer, static submerged culture",300.0,0,0,1.05,3D Bichannel Millifluidic Device,Primary Rat Hepatocytes,4e6 cells/mL,7,70.0,2240.0,ng/mL (Day 7),0,0,1.0,Fold change activity baseline,0,1.0,Moderate,Fig. 3A-F,Direct text extraction & figure digitization,0
87,5_liver_scaffold_dataset_curated.csv,Lieberthal_2024_PNAS,0,2024,Implantable 3D printed hydrogels with intrinsic channels for liver tissue engineering,0,0,Polyethylene glycol diacrylate (PEGDA 700 Da),0,0,LAP (UV 405 nm DLP),0,0,0,0,80.0,0,0,0,0,0,0,0,0,0,0,0,0,PEGDA_Bichannel_Hepatoma_H4IIEC3_Flow,20.0,0.0,Rat tail Collagen Type I (3 mg/mL),0.5 wt% LAP + 2 mM tartrazine,3.5 s per layer,Digital Light Processing (DLP 3D Printing),"LUMEN-X DLP printer, 1 mL/min perfusion flow",300.0,0,0,1.05,3D Bichannel Millifluidic Device,H4-II-E-C3 Rat Hepatoma,20e6 cells/mL (in collagen),7,95.0,58.0,ng/mL (Day 7),0.058,mg/dL (Day 7),5.8,Fold change mRNA vs static,1.8,5.8,High,Fig. 2B-H,Direct text extraction & figure digitization,0
88,5_liver_scaffold_dataset_curated.csv,Lieberthal_2024_PNAS,0,2024,Implantable 3D printed hydrogels with intrinsic channels for liver tissue engineering,0,0,Polyethylene glycol diacrylate (PEGDA 700 Da),0,0,LAP (UV 405 nm DLP),0,0,0,0,80.0,0,0,0,0,0,0,0,0,0,0,0,0,PEGDA_Bichannel_Hepatoma_H4IIEC3_Static,20.0,0.0,Rat tail Collagen Type I (3 mg/mL),0.5 wt% LAP + 2 mM tartrazine,3.5 s per layer,Digital Light Processing (DLP 3D Printing),"LUMEN-X DLP printer, static submerged",300.0,0,0,1.05,3D Bichannel Millifluidic Device,H4-II-E-C3 Rat Hepatoma,20e6 cells/mL,7,65.0,52.0,ng/mL (Day 7),0.052,mg/dL (Day 7),1.0,Fold change mRNA baseline,1.0,1.0,Low,Fig. 2B-H,Direct text extraction & figure digitization,0
89,5_liver_scaffold_dataset_curated.csv,Lieberthal_2024_PNAS,0,2024,Implantable 3D printed hydrogels with intrinsic channels for liver tissue engineering,0,0,Polyethylene glycol diacrylate (PEGDA 700 Da),0,0,LAP (UV 405 nm DLP),0,0,0,0,80.0,0,0,0,0,0,0,0,0,0,0,0,0,PEGDA_Bichannel_TriCulture_Flow,20.0,0.0,Rat tail Collagen Type I (3 mg/mL),0.5 wt% LAP + 2 mM tartrazine,3.5 s per layer,Digital Light Processing (DLP 3D Printing),"LUMEN-X DLP printer, 1 mL/min perfusion flow",300.0,0,0,1.05,3D Bichannel Millifluidic Device,Primary Rat Hepatocytes + ECs + BM-MSCs (4:2:1 ratio),1.75e6 total cells/mL (1e6 hepatocytes/mL in collagen),7,96.0,590.0,ng/mL (Day 7),0,0,7.8,Fold change RNA-seq normalized counts (Cyp3a9),4.1,7.8,High,Fig. 4A-D,Direct text extraction & figure digitization,0
90,5_liver_scaffold_dataset_curated.csv,Lieberthal_2024_PNAS,0,2024,Implantable 3D printed hydrogels with intrinsic channels for liver tissue engineering,0,0,Polyethylene glycol diacrylate (PEGDA 700 Da),0,0,LAP (UV 405 nm DLP),0,0,0,0,80.0,0,0,0,0,0,0,0,0,0,0,0,0,PEGDA_Fractal_Scaled_Hepatoma_Flow,20.0,0.0,Rat tail Collagen Type I (3 mg/mL),0.5 wt% LAP + 2 mM tartrazine,3.5 s per layer,Digital Light Processing (DLP 3D Printing),"LUMEN-X DLP printer, 4 generations Murray's law fractal bifurcations, min diameter 400 um, peristaltic perfusion",400.0,0,0,1.05,3D Fractal Bifurcating Vascular Network (3x3 cm block),H4-II-E-C3 Rat Hepatoma,20e6 cells/mL,7,91.0,0,0,0,0,0,0,0,0,High,Fig. 6A-I,Direct text extraction & figure digitization,0
91,5_liver_scaffold_dataset_curated.csv,Hiller_2018_IJMS,0,2018,Generation of a 3D Liver Model Comprising Human Extracellular Matrix in an Alginate/Gelatin-Based Bioink by Extrusion Bioprinting for Infection and Transduction Studies,0,0,Sodium Alginate + Gelatin,0,0,CaSO4 (pre-crosslink) + CaCl2 (bath),0,0,0,0,0,0,3.4,0,0,0,0,0,0,0,0,0,0,AlgGel_hECM_1mg_ml_Construct,2.0,3.0,Human decellularized extracellular matrix (hECM 1.0 mg/mL),0.03 M CaSO4 + 0.1 M CaCl2 (bath) + 0.02 M CaCl2 (media),8 min CaSO4 + 5 min 0.1 M CaCl2,Extrusion 3D Bioprinting (Pneumatic microextrusion),"Cellink INKREDIBLE+, 22G needle, 10-20 kPa extrusion pressure, 10x10x1 mm grid, Rhinoceros5 CAD",1.5,1500.0,0,0,"3D Porous Grid Scaffold (10x10x1 mm, regularly spaced pores)",HepaRG (mature),7e6 cells/mL bioink (~0.75e6 cells/construct),7,85.0,9.8,ng/mL (Day 7),0,0,5100.0,RLU (luminescence normalized to lysis ctrl),0,5100.0,High,"Fig. 1, Fig. 2A-D, Fig. 3A-B, Fig. 4A-B, Fig. 5A-B, Fig. 6A-B",Direct text extraction & figure digitization,0
92,5_liver_scaffold_dataset_curated.csv,Hiller_2018_IJMS,0,2018,Generation of a 3D Liver Model Comprising Human Extracellular Matrix in an Alginate/Gelatin-Based Bioink by Extrusion Bioprinting for Infection and Transduction Studies,0,0,Sodium Alginate + Gelatin,0,0,CaSO4 + CaCl2,0,0,0,0,0,0,3.0,0,0,0,0,0,0,0,0,0,0,AlgGel_hECM_0_5mg_ml_Construct,2.0,3.0,Human decellularized extracellular matrix (hECM 0.5 mg/mL),0.03 M CaSO4 + 0.1 M CaCl2,8 min + 5 min,Extrusion 3D Bioprinting,"Cellink INKREDIBLE+, 22G needle, 10-20 kPa",1.5,1500.0,0,0,3D Porous Grid Scaffold (10x10x1 mm),HepaRG (mature),7e6 cells/mL,7,84.0,10.5,ng/mL (Day 7),0,0,6000.0,RLU,0,6000.0,High,"Fig. 2B-D, Fig. 3A-B",Direct text extraction & figure digitization,0
93,5_liver_scaffold_dataset_curated.csv,Hiller_2018_IJMS,0,2018,Generation of a 3D Liver Model Comprising Human Extracellular Matrix in an Alginate/Gelatin-Based Bioink by Extrusion Bioprinting for Infection and Transduction Studies,0,0,Sodium Alginate + Gelatin,0,0,CaSO4 + CaCl2,0,0,0,0,0,0,2.5,0,0,0,0,0,0,0,0,0,0,AlgGel_w_o_hECM_Control_Construct,2.0,3.0,None (0 mg/mL hECM),0.03 M CaSO4 + 0.1 M CaCl2,8 min + 5 min,Extrusion 3D Bioprinting,"Cellink INKREDIBLE+, 22G needle, 10-20 kPa",1.5,1500.0,0,0,3D Porous Grid Scaffold (10x10x1 mm),HepaRG (mature),7e6 cells/mL,7,82.0,5.4,ng/mL (Day 7),0,0,3700.0,RLU,0,3700.0,Moderate,"Fig. 2B-D, Fig. 3A-B, Fig. 4A-B",Direct text extraction & figure digitization,0
94,5_liver_scaffold_dataset_curated.csv,Hiller_2018_IJMS,0,2018,Generation of a 3D Liver Model Comprising Human Extracellular Matrix in an Alginate/Gelatin-Based Bioink by Extrusion Bioprinting for Infection and Transduction Studies,0,0,Sodium Alginate + Gelatin,0,0,CaSO4 + CaCl2,0,0,0,0,0,0,4.1,0,0,0,0,0,0,0,0,0,0,AlgGel_hECM_2mg_ml_Detrimental,2.0,3.0,Human decellularized extracellular matrix (hECM 2.0 mg/mL),0.03 M CaSO4 + 0.1 M CaCl2,8 min + 5 min,Extrusion 3D Bioprinting,"Cellink INKREDIBLE+, 22G needle, 10-20 kPa",1.5,1500.0,0,0,3D Porous Grid Scaffold (10x10x1 mm),HepaRG (mature),7e6 cells/mL,7,71.0,1.5,ng/mL (Day 7),0,0,350.0,RLU,0,350.0,Low,"Fig. 2B-D, Fig. 3A-B",Direct text extraction & figure digitization,0
95,5_liver_scaffold_dataset_curated.csv,Mazzocchi_2019_Biofabrication,0,2019,Optimization of collagen type I-hyaluronan hybrid bioink for 3D bioprinted liver microenvironments,0,0,Methacrylated Collagen Type I + Thiolated Hyaluronic Acid (3:1),0,0,UV light photo-crosslinking (Thiol-ene click + methacrylate linkage),0,0,0,0,0,0,3.65,0,0,0,0,0,0,0,0,0,0,Col_I_HA_3to1_Liver_Model_Untreated,0.5,0.0,Methacrylated Porcine Collagen Type I (4.5 mg/mL) + Heprasil (0.5 mg/mL),0.025% w/v photoinitiator (Sigma 410896),10 s UV irradiation (1.9 W/cm^2),Extrusion 3D Bioprinting (Pneumatic benchtop),"Allevi 2 bioprinter, 28G blunt needle, 4 kPa pressure, 50 mm/s speed, 4-spoke wheel design (12 mm dia), ice rest 45 min",0,2500.0,0,0,"3D 4-Spoke Wheel Structure (12 mm dia, 1.8 mm spoke width)",Primary Human Hepatocytes + Human Stellate Cells,5e6 cells/mL,15,82.0,2.7,ug/mL (Day 9-12),12.0,ng/mL (Day 9-12),0,0,0,0,High,"Fig. 1A-D, Fig. 2A-E, Fig. 3A-F, Fig. 4A-D, Fig. 5A-E",Direct text extraction & figure digitization,0
96,5_liver_scaffold_dataset_curated.csv,Mazzocchi_2019_Biofabrication,0,2019,Optimization of collagen type I-hyaluronan hybrid bioink for 3D bioprinted liver microenvironments,0,0,Methacrylated Collagen Type I + Thiolated Hyaluronic Acid (3:1),0,0,UV light photo-crosslinking,0,0,0,0,0,0,3.65,0,0,0,0,0,0,0,0,0,0,Col_I_HA_3to1_Liver_Model_APAP_Treated,0.5,0.0,Methacrylated Porcine Collagen Type I + Heprasil,0.025% w/v photoinitiator,10 s UV,Extrusion 3D Bioprinting,"Allevi 2, 28G needle, 4 kPa, 50 mm/s, treated with 100 uM APAP at day 6",0,2500.0,0,0,3D 4-Spoke Wheel Structure,Primary Human Hepatocytes + Stellate Cells,5e6 cells/mL,15,35.0,0.05,ug/mL (Day 12 post-APAP collapse),0.0,ng/mL (Day 9-12),0,0,0,0,Low,Fig. 5A-E,Direct text extraction & figure digitization,0
97,5_liver_scaffold_dataset_curated.csv,Mazzocchi_2019_Biofabrication,0,2019,Optimization of collagen type I-hyaluronan hybrid bioink for 3D bioprinted liver microenvironments,0,0,Methacrylated Collagen Type I + Thiolated Hyaluronic Acid (2:1),0,0,UV light photo-crosslinking,0,0,0,0,0,0,2.15,0,0,0,0,0,0,0,0,0,0,Col_I_HA_2to1_Stellate_Culture,0.47,0.0,Methacrylated Collagen Type I (4.0 mg/mL) + Heprasil (0.67 mg/mL),0.033% w/v photoinitiator,2 s UV (rheometer) / 10 s (construct),Droplet Microdeposition & Bioprinting,"Allevi 2 bioprinter, 10 uL droplets or 4-spoke wheel",0,2500.0,0,0,3D 4-Spoke Wheel / Droplet,Human Hepatic Stellate Cells (LX-2 / aHSC),5e6 cells/mL,7,82.5,0,0,0,0,0,0,0,0,Moderate,"Fig. 1B-C, Fig. 3A-F, Fig. 4A-D",Direct text extraction & figure digitization,0
98,5_liver_scaffold_dataset_curated.csv,Mazzocchi_2019_Biofabrication,0,2019,Optimization of collagen type I-hyaluronan hybrid bioink for 3D bioprinted liver microenvironments,0,0,Methacrylated Collagen Type I + Thiolated Hyaluronic Acid (4:1),0,0,UV light photo-crosslinking,0,0,0,0,0,0,3.25,0,0,0,0,0,0,0,0,0,0,Col_I_HA_4to1_Stellate_Culture,0.52,0.0,Methacrylated Collagen Type I (4.8 mg/mL) + Heprasil (0.4 mg/mL),0.02% w/v photoinitiator,2 s UV / 10 s,Droplet Microdeposition & Bioprinting,"Allevi 2 bioprinter, prone to phase separation after 30 min",0,2500.0,0,0,3D 4-Spoke Wheel / Droplet,Human Hepatic Stellate Cells (LX-2 / aHSC),5e6 cells/mL,7,78.0,0,0,0,0,0,0,0,0,Moderate,"Fig. 1B-C, Fig. 3A-F, Fig. 4A-D",Direct text extraction & figure digitization,0
99,5_liver_scaffold_dataset_curated.csv,Kang_2020_Small,0,2020,Bioprinting of Multiscaled Hepatic Lobules within a Highly Vascularized Construct,0,0,Atelo-collagen (3%) + Alginate (3% sacrificial),0,0,"Thermal (37 C, 1 h for collagen gelation) + sacrificial alginate dissolution",0,0,0,0,68.0,0,0.48,0,0,0,0,0,0,0,0,0,0,Preset_Hepatic_Lobule_HepG2C3A_EAhy926,3.0,0.0,Porcine tendon Atelo-collagen,Thermal gelation at neutral pH (reconstituted with 10x DMEM and NaHCO3),1 h at 37 C in culture medium,Preset Extrusion Bioprinting (Precursor multi-compartment cartridge),"3DX bioprinter, 1 mm inner dia nozzle, 45 kPa extrusion pressure, 400 mm/min feed rate, central 150 um lumen",150.0,1000.0,0,0,"3D Biomimetic Hepatic Lobule with Central Lumen (1 mm dia, 150 um lumen)",HepG2/C3A + EA.hy926 Endothelial Cells,6e7 cells/mL (each cell type),10,84.5,325.0,ng/mL (Day 7),4.8,nmol (Day 7),2.8,Fold change vs 2D control (induced by 50 uM rifampicin),2.7,2.8,High,"Fig. 1A-I, Fig. 2A-E, Fig. 3A-E, Fig. 4A-E, Fig. 5A-C",Direct text extraction & figure digitization,0
100,5_liver_scaffold_dataset_curated.csv,Kang_2020_Small,0,2020,Bioprinting of Multiscaled Hepatic Lobules within a Highly Vascularized Construct,0,0,Atelo-collagen (3%) + Alginate (3% sacrificial),0,0,"Thermal (37 C, 1 h)",0,0,0,0,68.0,0,0.48,0,0,0,0,0,0,0,0,0,0,Mix_With_Lumen_HepG2C3A_EAhy926,3.0,0.0,Porcine tendon Atelo-collagen,Thermal gelation,1 h at 37 C,Extrusion Bioprinting (Premixed cell-ink with sacrificial central core),"3DX bioprinter, 1 mm nozzle, 45 kPa pressure",150.0,1000.0,0,0,3D Cylindrical Construct with Lumen (unpatterned mix),HepG2/C3A + EA.hy926 Endothelial Cells,6e7 cells/mL (each cell type),10,75.0,215.0,ng/mL (Day 7),3.4,nmol (Day 7),2.1,Fold change vs 2D control,2.1,2.1,Moderate,"Fig. 3A-E, Fig. 4A-E",Direct text extraction & figure digitization,0
101,5_liver_scaffold_dataset_curated.csv,Kang_2020_Small,0,2020,Bioprinting of Multiscaled Hepatic Lobules within a Highly Vascularized Construct,0,0,Atelo-collagen (3%),0,0,"Thermal (37 C, 1 h)",0,0,0,0,68.0,0,0.48,0,0,0,0,0,0,0,0,0,0,Mix_Without_Lumen_Solid_Construct,3.0,0.0,Porcine tendon Atelo-collagen,Thermal gelation,1 h at 37 C,Extrusion Bioprinting (Solid cylinder),"3DX bioprinter, 1 mm nozzle, solid core (no lumen)",0,1000.0,0,0,3D Solid Cylindrical Construct (No lumen),HepG2/C3A + EA.hy926 Endothelial Cells,6e7 cells/mL,10,35.0,90.0,ng/mL (Day 4; hypoxic necrotic collapse Day 10),0,0,0,0,0,0,Low,Fig. 3A-C,Direct text extraction & figure digitization,0
102,5_liver_scaffold_dataset_curated.csv,Kang_2020_Small,0,2020,Bioprinting of Multiscaled Hepatic Lobules within a Highly Vascularized Construct,0,0,Atelo-collagen (3%) + Alginate (3%),0,0,"Thermal (37 C, 1 h) + alginate sacrificial dissolution",0,0,0,0,68.0,0,0.52,0,0,0,0,0,0,0,0,0,0,Macroscale_Hepatic_Lobe_Array_Day5,3.0,0.0,Porcine tendon Atelo-collagen,Thermal gelation,1 h at 37 C,Layer-by-Layer Preset Extrusion Bioprinting,"3DX bioprinter, 500 um nozzle, 45 kPa, 400 mm/min feed rate, 3x4 strut array (4x5.2x2.5 mm construct)",150.0,500.0,0,0,"3D Multiscaled Hepatic Lobe Array (3x4 multi-lumen array, 4x5.2x2.5 mm)",HepG2/C3A + EA.hy926 Endothelial Cells,6e7 cells/mL (each cell type),7,86.0,0,0,0,0,0,0,0,0,High,"Fig. 5A-C, Fig. S3, Fig. S4, Fig. S5",Direct text extraction & figure digitization,0
103,5_liver_scaffold_dataset_curated.csv,Wu_2020_SciRep,0,2020,3D bioprinting of bicellular liver lobule-mimetic structures via microextrusion of cellulose nanocrystal-incorporated shear-thinning bioink,0,0,Alginate (1%) + CNC (3%) + GelMA (5%) [Wall] / GelMA (4%) [Cavity],0,0,LAP (UV 365 nm photo-crosslinking),0,0,0,0,78.0,0,2.7,0,0,0,0,0,0,0,0,0,0,Bicellular_Lobule_NonContact_S4,9.0,5.0,"Gelatin Methacryloyl (GelMA, 85% DOS)",0.1 wt% LAP,2 min UV (365 nm),Microextrusion 3D Bioprinting (ME),"FlashForge Creator Pro + Nordson Ultimus V dispenser, 32G nozzle, 20 psi air pressure, 20 mm/s speed, 10 min pre-cooling",2400.0,2400.0,0,1.15,"3D Bicellular Honeycomb Lobule Lattice (0.48 mm wall thickness, 2.4 mm inner cavities)",HepG2 (in GelMA cavities) + NIH/3T3 Fibroblasts (in 135ACG walls),HepG2: 2.5e6 cells/mL; NIH/3T3: 5e6 cells/mL,14,91.0,41.0,Relative fold change vs Day 1,0,0,0,0,0,0,High,"Fig. 1, Fig. 2a-d, Fig. 3a-f, Fig. 7a-g, Fig. 8",Direct text extraction & figure digitization,0
104,5_liver_scaffold_dataset_curated.csv,Wu_2020_SciRep,0,2020,3D bioprinting of bicellular liver lobule-mimetic structures via microextrusion of cellulose nanocrystal-incorporated shear-thinning bioink,0,0,Alginate (1%) + CNC (3%) + GelMA (5%) [Wall] / GelMA (4%) [Cavity],0,0,LAP (UV 365 nm),0,0,0,0,78.0,0,2.62,0,0,0,0,0,0,0,0,0,0,Bicellular_Lobule_DirectContact_S3,9.0,5.0,"Gelatin Methacryloyl (GelMA, 85% DOS)",0.1 wt% LAP,2 min UV (365 nm),Microextrusion 3D Bioprinting (ME),"FlashForge Creator Pro, 32G nozzle, 20 psi, 20 mm/s, mixed cells in 4% GelMA cavity",2400.0,2400.0,0,1.15,3D Bicellular Honeycomb Lobule Lattice (Acellular 135ACG wall + mixed cavity),HepG2 + NIH/3T3 Fibroblasts (2:1 mixture in GelMA),2.5e6 HepG2 + 1.25e6 NIH/3T3 per mL,14,90.0,38.0,Relative fold change vs Day 1,0,0,0,0,0,0,High,"Fig. 2c, Fig. 6a-g, Fig. 8",Direct text extraction & figure digitization,0
105,5_liver_scaffold_dataset_curated.csv,Wu_2020_SciRep,0,2020,3D bioprinting of bicellular liver lobule-mimetic structures via microextrusion of cellulose nanocrystal-incorporated shear-thinning bioink,0,0,Alginate (1%) + CNC (3%) + GelMA (5%) [Wall] / GelMA (4%) [Cavity],0,0,LAP (UV 365 nm),0,0,0,0,78.0,0,3.18,0,0,0,0,0,0,0,0,0,0,Monocellular_Lobule_HepG2_Only_S2,9.0,5.0,"Gelatin Methacryloyl (GelMA, 85% DOS)",0.1 wt% LAP,2 min UV (365 nm),Microextrusion 3D Bioprinting (ME),"FlashForge Creator Pro, 32G nozzle, 20 psi, 20 mm/s, HepG2 in 4% GelMA cavity",2400.0,2400.0,0,1.15,3D Monocellular Honeycomb Lobule Lattice (Acellular 135ACG wall + HepG2 cavity),HepG2 Monoculture,2.5e6 cells/mL,14,90.0,36.2,Relative fold change vs Day 1,0,0,0,0,0,0,Moderate,"Fig. 2c, Fig. 5a-h, Fig. 8",Direct text extraction & figure digitization,0
106,5_liver_scaffold_dataset_curated.csv,Wu_2020_SciRep,0,2020,3D bioprinting of bicellular liver lobule-mimetic structures via microextrusion of cellulose nanocrystal-incorporated shear-thinning bioink,0,0,Alginate (1%) + CNC (3%) + GelMA (5%) [Wall] / GelMA (4%) [Cavity],0,0,LAP (UV 365 nm),0,0,0,0,78.0,0,6.8,0,0,0,0,0,0,0,0,0,0,Monocellular_Lobule_NIH3T3_Only_S1,9.0,5.0,"Gelatin Methacryloyl (GelMA, 85% DOS)",0.1 wt% LAP,2 min UV (365 nm),Microextrusion 3D Bioprinting (ME),"FlashForge Creator Pro, 32G nozzle, 20 psi, 20 mm/s, NIH/3T3 in 135ACG wall",2400.0,2400.0,0,1.15,3D Monocellular Honeycomb Lobule Lattice (NIH/3T3 in 135ACG wall + acellular cavity),NIH/3T3 Fibroblasts,5e6 cells/mL,14,93.0,0,0,0,0,0,0,0,0,Moderate,"Fig. 2d, Fig. 4a-g",Direct text extraction & figure digitization,0
107,5_liver_scaffold_dataset_curated.csv,Wu_2020_SciRep,0,2020,3D bioprinting of bicellular liver lobule-mimetic structures via microextrusion of cellulose nanocrystal-incorporated shear-thinning bioink,0,0,0,0,0,0,0,0,0,0,0,0,0,0,0,0,0,0,0,0,0,0,0,HepG2_2D_Monolayer_Control_S0,0.0,0.0,None (Tissue culture plastic),0,0,2D Monolayer Culture,"6-well plate, 50,000 cells/well",0,0,0,0,2D Monolayer,HepG2,"50,000 cells/well",14,92.0,11.0,Relative fold change vs Day 1,0,0,0,0,0,0,Low,"Fig. 8, Fig. S5",Direct text extraction & figure digitization,0
108,6_liver_scaffold_extracted_papers_dataset.csv,Kang_2021_Cells,0,2021,Establishing a 3D In Vitro Hepatic Model Mimicking Physiologically Relevant to In Vivo State,0,0,Gelatin methacrylate (GelMA) + Alginate + Xanthan gum,0,0,CaCl2,0,0,0,0,0,0,0,0,0,0,0,0,0,0,0,0,0,GelXA_Laminin521_Spinning_60rpm,0,0,Laminin-521 (Laminin alpha5-beta2-gamma1),50 mM,5 min,Extrusion 3D Bioprinting (Pneumatic),"Cellink BIO X, 0.25-gauge nozzle (25G), room temp, 6-well ultra-low attachment plate, orbital shaker at 60 rpm",0,0,0,0,3D Hexagonal Hepatic Lobule Construct (3 units of 3x3x2 mm),HepG2,3.0e7 cells/mL,14.0,98.2,1550.0,ng/mL (Day 10 supernatant),63.5,mg/dL (Day 16.5 baseline),3.8,Relative mRNA fold change vs Day 0,4.2,3.8,High,"Fig. 1A,D,E, Fig. 2A,C,E,F, Fig. 5B,E, Fig. S1D",Direct text extraction & figure digitization,0
109,6_liver_scaffold_extracted_papers_dataset.csv,Kang_2021_Cells,0,2021,Establishing a 3D In Vitro Hepatic Model Mimicking Physiologically Relevant to In Vivo State,0,0,Gelatin methacrylate (GelMA) + Alginate + Xanthan gum,0,0,CaCl2,0,0,0,0,0,0,0,0,0,0,0,0,0,0,0,0,0,GelXA_Laminin521_Static_Culture,0,0,Laminin-521 (Laminin alpha5-beta2-gamma1),50 mM,5 min,Extrusion 3D Bioprinting (Pneumatic),"Cellink BIO X, 0.25-gauge nozzle (25G), room temp, static culture",0,0,0,0,3D Hexagonal Hepatic Lobule Construct (3 units of 3x3x2 mm),HepG2,3.0e7 cells/mL,14.0,97.5,620.0,ng/mL (Day 10 supernatant),48.5,mg/dL (Day 16.5 baseline),1.2,Relative mRNA fold change vs Day 0,1.1,1.2,Moderate,"Fig. 1E, Fig. 2E,F, Fig. 5B,E",Direct text extraction & figure digitization,0
110,6_liver_scaffold_extracted_papers_dataset.csv,Kang_2021_Cells,0,2021,Establishing a 3D In Vitro Hepatic Model Mimicking Physiologically Relevant to In Vivo State,0,0,Gelatin methacrylate (GelMA) + Alginate + Xanthan gum,0,0,CaCl2,0,0,0,0,0,0,0,0,0,0,0,0,0,0,0,0,0,GelXA_Laminin521_Spinning_APAP_Treated,0,0,Laminin-521,50 mM,5 min,Extrusion 3D Bioprinting,"Cellink BIO X, 25G nozzle, 15 mM APAP treated on Day 14.5 for 48h, 60 rpm",0,0,0,0,3D Hexagonal Hepatic Lobule Construct,HepG2,3.0e7 cells/mL,24.5,45.0,2.5,ng/mL (Day 24.5),55.0,mg/dL (Day 24.5),0,0,0,0,Low,"Fig. 4B,C,F, Fig. 5C,F",Direct text extraction & figure digitization,0
111,6_liver_scaffold_extracted_papers_dataset.csv,Kang_2021_Cells,0,2021,Establishing a 3D In Vitro Hepatic Model Mimicking Physiologically Relevant to In Vivo State,0,0,Gelatin methacrylate (GelMA) + Alginate + Xanthan gum,0,0,CaCl2,0,0,0,0,0,0,0,0,0,0,0,0,0,0,0,0,0,GelXA_Laminin521_Spinning_APAP_NAC_Rescue,0,0,Laminin-521,50 mM,5 min,Extrusion 3D Bioprinting,"Cellink BIO X, 25G nozzle, 5 mM NAC (12h pre) + 15 mM APAP, 60 rpm",0,0,0,0,3D Hexagonal Hepatic Lobule Construct,HepG2,3.0e7 cells/mL,24.5,78.0,15.2,ng/mL (Day 24.5),72.0,mg/dL (Day 24.5),0,0,0,0,Moderate,"Fig. 4F-I, Fig. 5C,F",Direct text extraction & figure digitization,0
112,6_liver_scaffold_extracted_papers_dataset.csv,Cuvellier_2021_Biomaterials,0,2021,3D culture of HepaRG cells in GelMa and its application to bioprinting of a multicellular hepatic model,0,0,"Gelatin Methacrylate (GelMA, 60.4% DoF)",0,0,LAP (UV 405 nm),0,0,0,0,60.0,0,0.33,0,0,0,0,0,0,0,0,0,0,GelMA_5pct_HepaRG_Monoculture_D14,5.0,5.0,Porcine skin Gelatin Type A (300 bloom),0.1% w/v LAP,"60 s (405 nm, 7 mW/cm^2)",Extrusion 3D Bioprinting (Pneumatic),"Allevi 2 bioprinter, 23G needle, 1.4-2.4 bar, 480 mm/min, 15 C print temp, 7x7x2 mm block (100 uL)",0,0,0,1.4,3D Porous Prismatic Block (7x7x2 mm with channels),"HepaRG (pre-clustered 15h, DMSO-free)",2.0e6 cells/mL (0.2e6 cells/construct),28.0,92.0,310.0,ng/mL/24h (Day 14),7.6,ug/mL/24h (Day 14),2.22,Fold induction over basal (rifampicin),15.99,2.22,High,"Fig. 1A-D, Fig. 3A,B, Fig. 5A-C, Fig. 6C-E",Direct text extraction & figure digitization,0
113,6_liver_scaffold_extracted_papers_dataset.csv,Cuvellier_2021_Biomaterials,0,2021,3D culture of HepaRG cells in GelMa and its application to bioprinting of a multicellular hepatic model,0,0,"Gelatin Methacrylate (GelMA, 60.4% DoF)",0,0,LAP (UV 405 nm),0,0,0,0,60.0,0,0.33,0,0,0,0,0,0,0,0,0,0,GelMA_5pct_Huh7_Monoculture_D14,5.0,5.0,Porcine skin Gelatin Type A,0.1% w/v LAP,"60 s (405 nm, 7 mW/cm^2)",Extrusion 3D Bioprinting (Pneumatic),"Allevi 2 bioprinter, 23G needle, 1.4-2.4 bar, 480 mm/min, 15 C print temp",0,0,0,1.4,3D Porous Prismatic Block (7x7x2 mm),Huh7-GFP,0.5e6 cells/mL,28.0,95.0,0,0,0,0,0,0,0,0,High,"Fig. 1D, Fig. 2A-D",Direct text extraction & figure digitization,0
114,6_liver_scaffold_extracted_papers_dataset.csv,Cuvellier_2021_Biomaterials,0,2021,3D culture of HepaRG cells in GelMa and its application to bioprinting of a multicellular hepatic model,0,0,"Gelatin Methacrylate (GelMA, 60.4% DoF)",0,0,LAP (UV 405 nm),0,0,0,0,60.0,0,0.33,0,0,0,0,0,0,0,0,0,0,GelMA_5pct_TriCulture_HepaRG_LX2_HUVEC_CoC,5.0,5.0,Gelatin Type A + endogenous fibrillar collagen type I,0.1% w/v LAP,"60 s (405 nm, 7 mW/cm^2)",Dual Extrusion 3D Bioprinting + Endothelial Surface Colonization,"Allevi 2 bioprinter, 23G needle, 12x12x1.5 mm grid with channels, HUVECs seeded Day 7 at 1e6 cells/mL",1400.0,2600.0,0,1.4,"3D Channelized Multicellular Grid (12x12x1.5 mm, 9 square channels)",HepaRG + LX-2 Stellate + HUVECs (10:1 HepaRG:LX-2),HepaRG: 2.0e6/mL (150 uL); LX-2: 0.5e6/mL (65 uL); HUVEC: 1e6/mL surface,21.0,91.0,280.0,ng/mL/24h (Day 14),7.2,ug/mL/24h (Day 14),0,0,0,0,High,"Fig. 8A-E, Fig. S2, Fig. S4",Direct text extraction & figure digitization,0
115,6_liver_scaffold_extracted_papers_dataset.csv,Cuvellier_2021_Biomaterials,0,2021,3D culture of HepaRG cells in GelMa and its application to bioprinting of a multicellular hepatic model,0,0,Gelatin Methacrylate (GelMA),0,0,LAP (UV 405 nm),0,0,0,0,60.0,0,0.33,0,0,0,0,0,0,0,0,0,0,GelMA_5pct_TriCulture_CoC_TGFB1_Fibrotic,5.0,5.0,Gelatin Type A + pathological fibrillar collagen deposition,0.1% w/v LAP,60 s,Dual Extrusion 3D Bioprinting,"Allevi 2, 23G needle, treated Day 14-21 with 5 ng/mL TGFb-1 every 48h",1400.0,2600.0,0,1.4,3D Channelized Multicellular Grid (12x12x1.5 mm),HepaRG + LX-2 + HUVECs,10:1 HepaRG:LX-2 ratio + HUVEC surface layer,21.0,86.0,80.0,ng/mL/24h (Day 21 post-TGFb1 suppression),7.0,ug/mL/24h (Day 21),0,0,0,0,Low,Fig. 8C-E,Direct text extraction & figure digitization,0
116,6_liver_scaffold_extracted_papers_dataset.csv,Cuvellier_2021_Biomaterials,0,2021,3D culture of HepaRG cells in GelMa and its application to bioprinting of a multicellular hepatic model,0,0,Gelatin Methacrylate (GelMA),0,0,LAP (UV 405 nm),0,0,0,0,60.0,0,0.33,0,0,0,0,0,0,0,0,0,0,GelMA_5pct_LX2_Monoculture_Quiescent,5.0,5.0,Gelatin Type A,0.1% w/v LAP,60 s,Extrusion 3D Bioprinting,"Allevi 2, 23G needle, 15 C print temp",0,0,0,1.4,3D Porous Prismatic Block,LX-2 Human Hepatic Stellate Cells,0.5e6 cells/mL,16.0,90.0,0,0,0,0,0,0,0,0,High,Fig. 7A-D,Direct text extraction & figure digitization,0
117,6_liver_scaffold_extracted_papers_dataset.csv,Lee_2016_Biofabrication,0,2016,Development of a 3D cell printed construct considering angiogenesis for liver tissue engineering,0,0,"Polycaprolactone (PCL, MW 65 kDa) + Atelocollagen",0,0,"Thermal (37 C, 30 min in 5% CO2)",0,0,0,0,65.0,0,0,0,0,0,0,0,0,0,0,0,0,PCL_Collagen_TriCulture_HC_HLF_HUVEC_Group3,100.0,0.0,Porcine atelocollagen (2% neutralized),Thermal gelation at neutral pH,30 min at 37 C,Multi-head 3D Cell Printing (MtoBS pneumatic extrusion),"MtoBS system, PCL printed at 80 C with 250 um nozzle (300 kPa, 100 mm/min, 200 um line width, 1 mm pitch), 4 layers (10.2x10.2x1.2 mm), hydrogel infused into alternate canals",800.0,1000.0,0,0,3D PCL-Collagen Hybrid Porous Grid (Alternating cell-infused canals and empty pores),Primary Rat Hepatocytes + HLF Fibroblasts + HUVECs (1:3:1 ratio),1.0e6 total cells/mL (2e5 HCs + 6e5 HLFs + 2e5 HUVECs),10.0,92.5,70.8,ng/mL/day/hepatocytes (Day 10),112.5,ug/mL/day/hepatocytes (Day 10),0,0,0,0,High,"Table 1, Fig. 2a-e, Fig. 4g,h, Fig. 5, Fig. 6, Fig. 7, Fig. 8i-l",Direct text extraction & figure digitization,0
118,6_liver_scaffold_extracted_papers_dataset.csv,Lee_2016_Biofabrication,0,2016,Development of a 3D cell printed construct considering angiogenesis for liver tissue engineering,0,0,Polycaprolactone (PCL) + Atelocollagen,0,0,"Thermal (37 C, 30 min)",0,0,0,0,65.0,0,0,0,0,0,0,0,0,0,0,0,0,PCL_Collagen_CoCulture_HC_HLF_Group2,100.0,0.0,Porcine atelocollagen (2% neutralized),Thermal gelation,30 min at 37 C,Multi-head 3D Cell Printing (MtoBS),"MtoBS system, PCL printed at 80 C, 250 um nozzle, hydrogel infused into alternate canals",800.0,1000.0,0,0,3D PCL-Collagen Hybrid Porous Grid,Primary Rat Hepatocytes + HLF Fibroblasts (1:3 ratio),1.0e6 total cells/mL (2.5e5 HCs + 7.5e5 HLFs),10.0,82.0,20.2,ng/mL/day/hepatocytes (Day 10),19.1,ug/mL/day/hepatocytes (Day 10),0,0,0,0,Moderate,"Table 1, Fig. 6, Fig. 7, Fig. 8e-h",Direct text extraction & figure digitization,0
119,6_liver_scaffold_extracted_papers_dataset.csv,Lee_2016_Biofabrication,0,2016,Development of a 3D cell printed construct considering angiogenesis for liver tissue engineering,0,0,Polycaprolactone (PCL) + Atelocollagen,0,0,"Thermal (37 C, 30 min)",0,0,0,0,65.0,0,0,0,0,0,0,0,0,0,0,0,0,PCL_Collagen_Monoculture_HC_Group1,100.0,0.0,Porcine atelocollagen (2% neutralized),Thermal gelation,30 min at 37 C,Multi-head 3D Cell Printing (MtoBS),"MtoBS system, PCL printed at 80 C, 250 um nozzle, hydrogel infused into alternate canals",800.0,1000.0,0,0,3D PCL-Collagen Hybrid Porous Grid,Primary Rat Hepatocytes Monoculture,1.0e6 cells/mL,10.0,38.0,4.1,ng/mL/day/hepatocytes (Day 10),5.1,ug/mL/day/hepatocytes (Day 10),0,0,0,0,Low,"Table 1, Fig. 6, Fig. 7, Fig. 8a-d",Direct text extraction & figure digitization,0
120,6_liver_scaffold_extracted_papers_dataset.csv,Jeon_2017_GutLiver,0,2017,Generation of Multilayered 3D Structures of HepG2 Cells Using a Bio-printing Technique,0,0,Sodium Alginate,0,0,CaCl2,0,0,0,0,62.0,0,0,0,0,0,0,0,0,0,0,0,0,Alginate_3pct_Multilayer_HepG2_Day21,3.0,0.0,0,1% w/v (ca. 90 mM),10 min immersion,Extrusion 3D Bioprinting (Pneumatic),"KIMM bioprinter, 400 um nozzle, 300 kPa air pressure, 1000 um strand pitch, 25x25 mm orthogonal multi-layer square array (90 deg)",600.0,1000.0,0,0,3D Multilayer Orthogonal Grid (25x25 mm square array),HepG2 (mCherry-tagged),5.0e6 cells/mL,21.0,91.5,3.45,Relative mRNA fold change vs MEF control (Day 21),0,0,0,0,2.15,2.15,High,"Fig. 2A-F, Fig. 3A-F, Fig. 4, Table 1",Direct text extraction & figure digitization,0
121,6_liver_scaffold_extracted_papers_dataset.csv,Jeon_2017_GutLiver,0,2017,Generation of Multilayered 3D Structures of HepG2 Cells Using a Bio-printing Technique,0,0,Sodium Alginate,0,0,CaCl2,0,0,0,0,62.0,0,0,0,0,0,0,0,0,0,0,0,0,Alginate_3pct_Multilayer_HepG2_Day7,3.0,0.0,0,1% w/v (ca. 90 mM),10 min immersion,Extrusion 3D Bioprinting (Pneumatic),"KIMM bioprinter, 400 um nozzle, 300 kPa air pressure, 1000 um strand pitch, 25x25 mm array",600.0,1000.0,0,0,3D Multilayer Orthogonal Grid (25x25 mm),HepG2 (mCherry-tagged),5.0e6 cells/mL,7.0,93.0,2.1,Relative mRNA fold change vs MEF control (Day 7),0,0,0,0,1.45,1.45,Moderate,"Fig. 3A-F, Fig. 4",Direct text extraction & figure digitization,0
122,6_liver_scaffold_extracted_papers_dataset.csv,Jeon_2017_GutLiver,0,2017,Generation of Multilayered 3D Structures of HepG2 Cells Using a Bio-printing Technique,0,0,0,0,0,0,0,0,0,0,0,0,0,0,0,0,0,0,0,0,0,0,0,HepG2_2D_Monolayer_Control,0.0,0.0,0,0,0,2D Monolayer Culture,"Standard tissue culture dish, DMEM 10% FBS",0,0,0,0,2D Monolayer,HepG2,1.0e5 cells/dish,7.0,95.0,1.0,Baseline relative mRNA expression (1.0 fold),0,0,0,0,1.0,1.0,Low,"Fig. 1A-D, Fig. 4",Direct text extraction & figure digitization,0
123,7_liver_scaffold_extracted_papers_dataset.csv,Kang_2021_Cells,0,2021,Establishing a 3D In Vitro Hepatic Model Mimicking Physiologically Relevant to In Vivo State,0,0,Gelatin methacrylate (GelMA) + Alginate + Xanthan gum,0,0,CaCl2,0,0,0,0,0,0,0,0,0,0,0,0,0,0,0,0,0,GelXA_Laminin521_Spinning_60rpm,0,0,Laminin-521 (Laminin alpha5-beta2-gamma1),50 mM,5 min,Extrusion 3D Bioprinting (Pneumatic),"Cellink BIO X, 0.25-gauge nozzle (25G), room temp, 6-well ultra-low attachment plate, orbital shaker at 60 rpm",0,0,0,0,3D Hexagonal Hepatic Lobule Construct (3 units of 3x3x2 mm),HepG2,3.0e7 cells/mL,14.0,98.2,1550.0,ng/mL (Day 10 supernatant),63.5,mg/dL (Day 16.5 baseline),3.8,Relative mRNA fold change vs Day 0,4.2,3.8,High,"Fig. 1A,D,E, Fig. 2A,C,E,F, Fig. 5B,E, Fig. S1D",Direct text extraction & figure digitization,0
124,7_liver_scaffold_extracted_papers_dataset.csv,Kang_2021_Cells,0,2021,Establishing a 3D In Vitro Hepatic Model Mimicking Physiologically Relevant to In Vivo State,0,0,Gelatin methacrylate (GelMA) + Alginate + Xanthan gum,0,0,CaCl2,0,0,0,0,0,0,0,0,0,0,0,0,0,0,0,0,0,GelXA_Laminin521_Static_Culture,0,0,Laminin-521 (Laminin alpha5-beta2-gamma1),50 mM,5 min,Extrusion 3D Bioprinting (Pneumatic),"Cellink BIO X, 0.25-gauge nozzle (25G), room temp, static culture",0,0,0,0,3D Hexagonal Hepatic Lobule Construct (3 units of 3x3x2 mm),HepG2,3.0e7 cells/mL,14.0,97.5,620.0,ng/mL (Day 10 supernatant),48.5,mg/dL (Day 16.5 baseline),1.2,Relative mRNA fold change vs Day 0,1.1,1.2,Moderate,"Fig. 1E, Fig. 2E,F, Fig. 5B,E",Direct text extraction & figure digitization,0
125,7_liver_scaffold_extracted_papers_dataset.csv,Kang_2021_Cells,0,2021,Establishing a 3D In Vitro Hepatic Model Mimicking Physiologically Relevant to In Vivo State,0,0,Gelatin methacrylate (GelMA) + Alginate + Xanthan gum,0,0,CaCl2,0,0,0,0,0,0,0,0,0,0,0,0,0,0,0,0,0,GelXA_Laminin521_Spinning_APAP_Treated,0,0,Laminin-521,50 mM,5 min,Extrusion 3D Bioprinting,"Cellink BIO X, 25G nozzle, 15 mM APAP treated on Day 14.5 for 48h, 60 rpm",0,0,0,0,3D Hexagonal Hepatic Lobule Construct,HepG2,3.0e7 cells/mL,24.5,45.0,2.5,ng/mL (Day 24.5),55.0,mg/dL (Day 24.5),0,0,0,0,Low,"Fig. 4B,C,F, Fig. 5C,F",Direct text extraction & figure digitization,0
126,7_liver_scaffold_extracted_papers_dataset.csv,Kang_2021_Cells,0,2021,Establishing a 3D In Vitro Hepatic Model Mimicking Physiologically Relevant to In Vivo State,0,0,Gelatin methacrylate (GelMA) + Alginate + Xanthan gum,0,0,CaCl2,0,0,0,0,0,0,0,0,0,0,0,0,0,0,0,0,0,GelXA_Laminin521_Spinning_APAP_NAC_Rescue,0,0,Laminin-521,50 mM,5 min,Extrusion 3D Bioprinting,"Cellink BIO X, 25G nozzle, 5 mM NAC (12h pre) + 15 mM APAP, 60 rpm",0,0,0,0,3D Hexagonal Hepatic Lobule Construct,HepG2,3.0e7 cells/mL,24.5,78.0,15.2,ng/mL (Day 24.5),72.0,mg/dL (Day 24.5),0,0,0,0,Moderate,"Fig. 4F-I, Fig. 5C,F",Direct text extraction & figure digitization,0
127,7_liver_scaffold_extracted_papers_dataset.csv,Cuvellier_2021_Biomaterials,0,2021,3D culture of HepaRG cells in GelMa and its application to bioprinting of a multicellular hepatic model,0,0,"Gelatin Methacrylate (GelMA, 60.4% DoF)",0,0,LAP (UV 405 nm),0,0,0,0,60.0,0,0.33,0,0,0,0,0,0,0,0,0,0,GelMA_5pct_HepaRG_Monoculture_D14,5.0,5.0,Porcine skin Gelatin Type A (300 bloom),0.1% w/v LAP,"60 s (405 nm, 7 mW/cm^2)",Extrusion 3D Bioprinting (Pneumatic),"Allevi 2 bioprinter, 23G needle, 1.4-2.4 bar, 480 mm/min, 15 C print temp, 7x7x2 mm block (100 uL)",0,0,0,1.4,3D Porous Prismatic Block (7x7x2 mm with channels),"HepaRG (pre-clustered 15h, DMSO-free)",2.0e6 cells/mL (0.2e6 cells/construct),28.0,92.0,310.0,ng/mL/24h (Day 14),7.6,ug/mL/24h (Day 14),2.22,Fold induction over basal (rifampicin),15.99,2.22,High,"Fig. 1A-D, Fig. 3A,B, Fig. 5A-C, Fig. 6C-E",Direct text extraction & figure digitization,0
128,7_liver_scaffold_extracted_papers_dataset.csv,Cuvellier_2021_Biomaterials,0,2021,3D culture of HepaRG cells in GelMa and its application to bioprinting of a multicellular hepatic model,0,0,"Gelatin Methacrylate (GelMA, 60.4% DoF)",0,0,LAP (UV 405 nm),0,0,0,0,60.0,0,0.33,0,0,0,0,0,0,0,0,0,0,GelMA_5pct_Huh7_Monoculture_D14,5.0,5.0,Porcine skin Gelatin Type A,0.1% w/v LAP,"60 s (405 nm, 7 mW/cm^2)",Extrusion 3D Bioprinting (Pneumatic),"Allevi 2 bioprinter, 23G needle, 1.4-2.4 bar, 480 mm/min, 15 C print temp",0,0,0,1.4,3D Porous Prismatic Block (7x7x2 mm),Huh7-GFP,0.5e6 cells/mL,28.0,95.0,0,0,0,0,0,0,0,0,High,"Fig. 1D, Fig. 2A-D",Direct text extraction & figure digitization,0
129,7_liver_scaffold_extracted_papers_dataset.csv,Cuvellier_2021_Biomaterials,0,2021,3D culture of HepaRG cells in GelMa and its application to bioprinting of a multicellular hepatic model,0,0,"Gelatin Methacrylate (GelMA, 60.4% DoF)",0,0,LAP (UV 405 nm),0,0,0,0,60.0,0,0.33,0,0,0,0,0,0,0,0,0,0,GelMA_5pct_TriCulture_HepaRG_LX2_HUVEC_CoC,5.0,5.0,Gelatin Type A + endogenous fibrillar collagen type I,0.1% w/v LAP,"60 s (405 nm, 7 mW/cm^2)",Dual Extrusion 3D Bioprinting + Endothelial Surface Colonization,"Allevi 2 bioprinter, 23G needle, 12x12x1.5 mm grid with channels, HUVECs seeded Day 7 at 1e6 cells/mL",1400.0,2600.0,0,1.4,"3D Channelized Multicellular Grid (12x12x1.5 mm, 9 square channels)",HepaRG + LX-2 Stellate + HUVECs (10:1 HepaRG:LX-2),HepaRG: 2.0e6/mL (150 uL); LX-2: 0.5e6/mL (65 uL); HUVEC: 1e6/mL surface,21.0,91.0,280.0,ng/mL/24h (Day 14),7.2,ug/mL/24h (Day 14),0,0,0,0,High,"Fig. 8A-E, Fig. S2, Fig. S4",Direct text extraction & figure digitization,0
130,7_liver_scaffold_extracted_papers_dataset.csv,Cuvellier_2021_Biomaterials,0,2021,3D culture of HepaRG cells in GelMa and its application to bioprinting of a multicellular hepatic model,0,0,Gelatin Methacrylate (GelMA),0,0,LAP (UV 405 nm),0,0,0,0,60.0,0,0.33,0,0,0,0,0,0,0,0,0,0,GelMA_5pct_TriCulture_CoC_TGFB1_Fibrotic,5.0,5.0,Gelatin Type A + pathological fibrillar collagen deposition,0.1% w/v LAP,60 s,Dual Extrusion 3D Bioprinting,"Allevi 2, 23G needle, treated Day 14-21 with 5 ng/mL TGFb-1 every 48h",1400.0,2600.0,0,1.4,3D Channelized Multicellular Grid (12x12x1.5 mm),HepaRG + LX-2 + HUVECs,10:1 HepaRG:LX-2 ratio + HUVEC surface layer,21.0,86.0,80.0,ng/mL/24h (Day 21 post-TGFb1 suppression),7.0,ug/mL/24h (Day 21),0,0,0,0,Low,Fig. 8C-E,Direct text extraction & figure digitization,0
131,7_liver_scaffold_extracted_papers_dataset.csv,Cuvellier_2021_Biomaterials,0,2021,3D culture of HepaRG cells in GelMa and its application to bioprinting of a multicellular hepatic model,0,0,Gelatin Methacrylate (GelMA),0,0,LAP (UV 405 nm),0,0,0,0,60.0,0,0.33,0,0,0,0,0,0,0,0,0,0,GelMA_5pct_LX2_Monoculture_Quiescent,5.0,5.0,Gelatin Type A,0.1% w/v LAP,60 s,Extrusion 3D Bioprinting,"Allevi 2, 23G needle, 15 C print temp",0,0,0,1.4,3D Porous Prismatic Block,LX-2 Human Hepatic Stellate Cells,0.5e6 cells/mL,16.0,90.0,0,0,0,0,0,0,0,0,High,Fig. 7A-D,Direct text extraction & figure digitization,0
132,7_liver_scaffold_extracted_papers_dataset.csv,Lee_2016_Biofabrication,0,2016,Development of a 3D cell printed construct considering angiogenesis for liver tissue engineering,0,0,"Polycaprolactone (PCL, MW 65 kDa) + Atelocollagen",0,0,"Thermal (37 C, 30 min in 5% CO2)",0,0,0,0,65.0,0,0,0,0,0,0,0,0,0,0,0,0,PCL_Collagen_TriCulture_HC_HLF_HUVEC_Group3,100.0,0.0,Porcine atelocollagen (2% neutralized),Thermal gelation at neutral pH,30 min at 37 C,Multi-head 3D Cell Printing (MtoBS pneumatic extrusion),"MtoBS system, PCL printed at 80 C with 250 um nozzle (300 kPa, 100 mm/min, 200 um line width, 1 mm pitch), 4 layers (10.2x10.2x1.2 mm), hydrogel infused into alternate canals",800.0,1000.0,0,0,3D PCL-Collagen Hybrid Porous Grid (Alternating cell-infused canals and empty pores),Primary Rat Hepatocytes + HLF Fibroblasts + HUVECs (1:3:1 ratio),1.0e6 total cells/mL (2e5 HCs + 6e5 HLFs + 2e5 HUVECs),10.0,92.5,70.8,ng/mL/day/hepatocytes (Day 10),112.5,ug/mL/day/hepatocytes (Day 10),0,0,0,0,High,"Table 1, Fig. 2a-e, Fig. 4g,h, Fig. 5, Fig. 6, Fig. 7, Fig. 8i-l",Direct text extraction & figure digitization,0
133,7_liver_scaffold_extracted_papers_dataset.csv,Lee_2016_Biofabrication,0,2016,Development of a 3D cell printed construct considering angiogenesis for liver tissue engineering,0,0,Polycaprolactone (PCL) + Atelocollagen,0,0,"Thermal (37 C, 30 min)",0,0,0,0,65.0,0,0,0,0,0,0,0,0,0,0,0,0,PCL_Collagen_CoCulture_HC_HLF_Group2,100.0,0.0,Porcine atelocollagen (2% neutralized),Thermal gelation,30 min at 37 C,Multi-head 3D Cell Printing (MtoBS),"MtoBS system, PCL printed at 80 C, 250 um nozzle, hydrogel infused into alternate canals",800.0,1000.0,0,0,3D PCL-Collagen Hybrid Porous Grid,Primary Rat Hepatocytes + HLF Fibroblasts (1:3 ratio),1.0e6 total cells/mL (2.5e5 HCs + 7.5e5 HLFs),10.0,82.0,20.2,ng/mL/day/hepatocytes (Day 10),19.1,ug/mL/day/hepatocytes (Day 10),0,0,0,0,Moderate,"Table 1, Fig. 6, Fig. 7, Fig. 8e-h",Direct text extraction & figure digitization,0
134,7_liver_scaffold_extracted_papers_dataset.csv,Lee_2016_Biofabrication,0,2016,Development of a 3D cell printed construct considering angiogenesis for liver tissue engineering,0,0,Polycaprolactone (PCL) + Atelocollagen,0,0,"Thermal (37 C, 30 min)",0,0,0,0,65.0,0,0,0,0,0,0,0,0,0,0,0,0,PCL_Collagen_Monoculture_HC_Group1,100.0,0.0,Porcine atelocollagen (2% neutralized),Thermal gelation,30 min at 37 C,Multi-head 3D Cell Printing (MtoBS),"MtoBS system, PCL printed at 80 C, 250 um nozzle, hydrogel infused into alternate canals",800.0,1000.0,0,0,3D PCL-Collagen Hybrid Porous Grid,Primary Rat Hepatocytes Monoculture,1.0e6 cells/mL,10.0,38.0,4.1,ng/mL/day/hepatocytes (Day 10),5.1,ug/mL/day/hepatocytes (Day 10),0,0,0,0,Low,"Table 1, Fig. 6, Fig. 7, Fig. 8a-d",Direct text extraction & figure digitization,0
135,7_liver_scaffold_extracted_papers_dataset.csv,Jeon_2017_GutLiver,0,2017,Generation of Multilayered 3D Structures of HepG2 Cells Using a Bio-printing Technique,0,0,Sodium Alginate,0,0,CaCl2,0,0,0,0,62.0,0,0,0,0,0,0,0,0,0,0,0,0,Alginate_3pct_Multilayer_HepG2_Day21,3.0,0.0,0,1% w/v (ca. 90 mM),10 min immersion,Extrusion 3D Bioprinting (Pneumatic),"KIMM bioprinter, 400 um nozzle, 300 kPa air pressure, 1000 um strand pitch, 25x25 mm orthogonal multi-layer square array (90 deg)",600.0,1000.0,0,0,3D Multilayer Orthogonal Grid (25x25 mm square array),HepG2 (mCherry-tagged),5.0e6 cells/mL,21.0,91.5,3.45,Relative mRNA fold change vs MEF control (Day 21),0,0,0,0,2.15,2.15,High,"Fig. 2A-F, Fig. 3A-F, Fig. 4, Table 1",Direct text extraction & figure digitization,0
136,7_liver_scaffold_extracted_papers_dataset.csv,Jeon_2017_GutLiver,0,2017,Generation of Multilayered 3D Structures of HepG2 Cells Using a Bio-printing Technique,0,0,Sodium Alginate,0,0,CaCl2,0,0,0,0,62.0,0,0,0,0,0,0,0,0,0,0,0,0,Alginate_3pct_Multilayer_HepG2_Day7,3.0,0.0,0,1% w/v (ca. 90 mM),10 min immersion,Extrusion 3D Bioprinting (Pneumatic),"KIMM bioprinter, 400 um nozzle, 300 kPa air pressure, 1000 um strand pitch, 25x25 mm array",600.0,1000.0,0,0,3D Multilayer Orthogonal Grid (25x25 mm),HepG2 (mCherry-tagged),5.0e6 cells/mL,7.0,93.0,2.1,Relative mRNA fold change vs MEF control (Day 7),0,0,0,0,1.45,1.45,Moderate,"Fig. 3A-F, Fig. 4",Direct text extraction & figure digitization,0
137,7_liver_scaffold_extracted_papers_dataset.csv,Jeon_2017_GutLiver,0,2017,Generation of Multilayered 3D Structures of HepG2 Cells Using a Bio-printing Technique,0,0,0,0,0,0,0,0,0,0,0,0,0,0,0,0,0,0,0,0,0,0,0,HepG2_2D_Monolayer_Control,0.0,0.0,0,0,0,2D Monolayer Culture,"Standard tissue culture dish, DMEM 10% FBS",0,0,0,0,2D Monolayer,HepG2,1.0e5 cells/dish,7.0,95.0,1.0,Baseline relative mRNA expression (1.0 fold),0,0,0,0,1.0,1.0,Low,"Fig. 1A-D, Fig. 4",Direct text extraction & figure digitization,0
138,8_Sekar_2023_BiomedMater_extracted.csv,Sekar_2023_BiomedMater,0,2023,Biocompatibility evaluation of antioxidant cocktail loaded gelatin methacrylamide as bioink for extrusion-based 3D bioprinting,0,0,GelMA + Gelatin,0,0,Irgacure 2959 (UV 365 nm) + Antioxidant Cocktail (3.4 mM AA + 100 uM a-Toc),0,0,0,0,0,0,0.6,0,0,0,0,0,0,0,0,0,0,GelMA_AO_PrimaryRatHep_5M_HighDensity,5.0,3.0,Porcine skin Gelatin Type A (175 bloom),0.5% w/v Irgacure 2959 + 3.4 mM L-ascorbic acid + 100 uM alpha-tocopherol,"3 min (365 nm UV, 8-12 mW/cm^2)",Extrusion 3D Bioprinting (Pneumatic),"regenHU 3D Discovery, 410 um nozzle, 10 mm/s print speed, 18-20 C print temp (pre-gelled at 2-8 C for 2-3 min), 10x10x2 mm grid",102.0,1000.0,0,0,"3D Multilayer Porous Square Grid (10x10x2 mm, 1 mm interfilament spacing)",Primary Rat Hepatocytes (Wistar),20.0e6 cells/mL (5.0e6 cells/construct in 250 uL),5,92.0,281.0,ng/mL (Day 1 supernatant; cumulative Day 5 reaches 448 ng/mL),5.0,mg/dL (Day 1 supernatant; cumulative Day 5 reaches 15.2 mg/dL),0,0,0,0,High,"Fig. 5c, Fig. 6f,h, Fig. 8b,c,d,g,h, Fig. 9a,b",Direct text extraction & figure digitization,0
139,8_Sekar_2023_BiomedMater_extracted.csv,Sekar_2023_BiomedMater,0,2023,Biocompatibility evaluation of antioxidant cocktail loaded gelatin methacrylamide as bioink for extrusion-based 3D bioprinting,0,0,GelMA + Gelatin,0,0,Irgacure 2959 (UV 365 nm) + Antioxidant Cocktail (3.4 mM AA + 100 uM a-Toc),0,0,0,0,0,0,0.6,0,0,0,0,0,0,0,0,0,0,GelMA_AO_PrimaryRatHep_1M_LowDensity,5.0,3.0,Porcine skin Gelatin Type A (175 bloom),0.5% w/v Irgacure 2959 + 3.4 mM L-ascorbic acid + 100 uM alpha-tocopherol,"3 min (365 nm UV, 8-12 mW/cm^2)",Extrusion 3D Bioprinting (Pneumatic),"regenHU 3D Discovery, 410 um nozzle, 10 mm/s print speed, 18-20 C print temp, 10x10x2 mm grid",102.0,1000.0,0,0,"3D Multilayer Porous Square Grid (10x10x2 mm, 1 mm interfilament spacing)",Primary Rat Hepatocytes (Wistar),4.0e6 cells/mL (1.0e6 cells/construct in 250 uL),1,85.0,53.0,ng/mL (Day 1 supernatant),2.2,mg/dL (Day 1 supernatant),0,0,0,0,Moderate,"Fig. 5c, Fig. 6f, Fig. 8a,c,d,e,f",Direct text extraction & figure digitization,0
140,8_Sekar_2023_BiomedMater_extracted.csv,Sekar_2023_BiomedMater,0,2023,Biocompatibility evaluation of antioxidant cocktail loaded gelatin methacrylamide as bioink for extrusion-based 3D bioprinting,0,0,GelMA + Gelatin,0,0,Irgacure 2959 (UV 365 nm) + Antioxidant Cocktail (3.4 mM AA + 100 uM a-Toc),0,0,0,0,0,0,0.6,0,0,0,0,0,0,0,0,0,0,GelMA_AO_HepG2_Biocompatibility_Model,5.0,3.0,Porcine skin Gelatin Type A (175 bloom),0.5% w/v Irgacure 2959 + 3.4 mM AA + 100 uM a-Toc,"3 min (365 nm UV, 8-12 mW/cm^2)",Hydrogel Encapsulation & UV Photocrosslinking,"250 uL hydrogel encapsulation, 365 nm UV exposure for 3 min",102.0,0,0,0,3D Hydrogel Disc,HepG2,1.2e6 cells/mL (3.0e5 cells in 250 uL),7,96.0,0,0,0,0,0,0,0,0,High,"Fig. 2, Fig. 4b,c,d",Direct text extraction & figure digitization,0
141,8_Sekar_2023_BiomedMater_extracted.csv,Sekar_2023_BiomedMater,0,2023,Biocompatibility evaluation of antioxidant cocktail loaded gelatin methacrylamide as bioink for extrusion-based 3D bioprinting,0,0,GelMA,0,0,Irgacure 2959 (UV 365 nm),0,0,0,0,0,0,0.6,0,0,0,0,0,0,0,0,0,0,Base_GelMA_HepG2_Unprotected_Control,5.0,0.0,Porcine skin Gelatin Type A,0.5% w/v Irgacure 2959 (No antioxidants),3 min (365 nm UV),Hydrogel Encapsulation & UV Photocrosslinking,"250 uL hydrogel encapsulation, 365 nm UV exposure for 3 min, unmitigated phototoxic ROS generation",102.0,0,0,0,3D Hydrogel Disc,HepG2,1.5e6 cells/mL,1,62.0,0,0,0,0,0,0,0,0,Low,"Fig. 1, Fig. 2",Direct text extraction & figure digitization,0
142,9_Sekar_2023_BiomedMater_extracted.csv,Sekar_2023_BiomedMater,0,2023,Biocompatibility evaluation of antioxidant cocktail loaded gelatin methacrylamide as bioink for extrusion-based 3D bioprinting,0,0,GelMA + Gelatin,0,0,Irgacure 2959 (UV 365 nm) + Antioxidant Cocktail (3.4 mM AA + 100 uM a-Toc),0,0,0,0,0,0,0.6,0,0,0,0,0,0,0,0,0,0,GelMA_AO_PrimaryRatHep_5M_HighDensity,5.0,3.0,Porcine skin Gelatin Type A (175 bloom),0.5% w/v Irgacure 2959 + 3.4 mM L-ascorbic acid + 100 uM alpha-tocopherol,"3 min (365 nm UV, 8-12 mW/cm^2)",Extrusion 3D Bioprinting (Pneumatic),"regenHU 3D Discovery, 410 um nozzle, 10 mm/s print speed, 18-20 C print temp (pre-gelled at 2-8 C for 2-3 min), 10x10x2 mm grid",102.0,1000.0,0,0,"3D Multilayer Porous Square Grid (10x10x2 mm, 1 mm interfilament spacing)",Primary Rat Hepatocytes (Wistar),20.0e6 cells/mL (5.0e6 cells/construct in 250 uL),5,92.0,281.0,ng/mL (Day 1 supernatant; cumulative Day 5 reaches 448 ng/mL),5.0,mg/dL (Day 1 supernatant; cumulative Day 5 reaches 15.2 mg/dL),0,0,0,0,High,"Fig. 5c, Fig. 6f,h, Fig. 8b,c,d,g,h, Fig. 9a,b",Direct text extraction & figure digitization,0
143,9_Sekar_2023_BiomedMater_extracted.csv,Sekar_2023_BiomedMater,0,2023,Biocompatibility evaluation of antioxidant cocktail loaded gelatin methacrylamide as bioink for extrusion-based 3D bioprinting,0,0,GelMA + Gelatin,0,0,Irgacure 2959 (UV 365 nm) + Antioxidant Cocktail (3.4 mM AA + 100 uM a-Toc),0,0,0,0,0,0,0.6,0,0,0,0,0,0,0,0,0,0,GelMA_AO_PrimaryRatHep_1M_LowDensity,5.0,3.0,Porcine skin Gelatin Type A (175 bloom),0.5% w/v Irgacure 2959 + 3.4 mM L-ascorbic acid + 100 uM alpha-tocopherol,"3 min (365 nm UV, 8-12 mW/cm^2)",Extrusion 3D Bioprinting (Pneumatic),"regenHU 3D Discovery, 410 um nozzle, 10 mm/s print speed, 18-20 C print temp, 10x10x2 mm grid",102.0,1000.0,0,0,"3D Multilayer Porous Square Grid (10x10x2 mm, 1 mm interfilament spacing)",Primary Rat Hepatocytes (Wistar),4.0e6 cells/mL (1.0e6 cells/construct in 250 uL),1,85.0,53.0,ng/mL (Day 1 supernatant),2.2,mg/dL (Day 1 supernatant),0,0,0,0,Moderate,"Fig. 5c, Fig. 6f, Fig. 8a,c,d,e,f",Direct text extraction & figure digitization,0
144,9_Sekar_2023_BiomedMater_extracted.csv,Sekar_2023_BiomedMater,0,2023,Biocompatibility evaluation of antioxidant cocktail loaded gelatin methacrylamide as bioink for extrusion-based 3D bioprinting,0,0,GelMA + Gelatin,0,0,Irgacure 2959 (UV 365 nm) + Antioxidant Cocktail (3.4 mM AA + 100 uM a-Toc),0,0,0,0,0,0,0.6,0,0,0,0,0,0,0,0,0,0,GelMA_AO_HepG2_Biocompatibility_Model,5.0,3.0,Porcine skin Gelatin Type A (175 bloom),0.5% w/v Irgacure 2959 + 3.4 mM AA + 100 uM a-Toc,"3 min (365 nm UV, 8-12 mW/cm^2)",Hydrogel Encapsulation & UV Photocrosslinking,"250 uL hydrogel encapsulation, 365 nm UV exposure for 3 min",102.0,0,0,0,3D Hydrogel Disc,HepG2,1.2e6 cells/mL (3.0e5 cells in 250 uL),7,96.0,0,0,0,0,0,0,0,0,High,"Fig. 2, Fig. 4b,c,d",Direct text extraction & figure digitization,0
145,9_Sekar_2023_BiomedMater_extracted.csv,Sekar_2023_BiomedMater,0,2023,Biocompatibility evaluation of antioxidant cocktail loaded gelatin methacrylamide as bioink for extrusion-based 3D bioprinting,0,0,GelMA,0,0,Irgacure 2959 (UV 365 nm),0,0,0,0,0,0,0.6,0,0,0,0,0,0,0,0,0,0,Base_GelMA_HepG2_Unprotected_Control,5.0,0.0,Porcine skin Gelatin Type A,0.5% w/v Irgacure 2959 (No antioxidants),3 min (365 nm UV),Hydrogel Encapsulation & UV Photocrosslinking,"250 uL hydrogel encapsulation, 365 nm UV exposure for 3 min, unmitigated phototoxic ROS generation",102.0,0,0,0,3D Hydrogel Disc,HepG2,1.5e6 cells/mL,1,62.0,0,0,0,0,0,0,0,0,Low,"Fig. 1, Fig. 2",Direct text extraction & figure digitization,0
